Year2006,Family Number,Line,PlantHeight(in),tasselbranchNum,tasselbranchAngle_degrees
P,1,MO001 ,65,3,20
P,1,MO001 ,53,4,20
P,1,MO001 ,56,4,15
P,1,MO001 ,49,3,15
P,1,MO001 ,42,3,10
P,1,MO001 ,63,4,20
P,1,MO001 ,31,,
P,1,MO001 ,82,,
P,1,MO001 ,74,,
P,2,MO005,55,5,20
P,2,MO005,52,8,20
P,2,MO005,69,6,15
P,2,MO005,79,6,15
P,2,MO005,59,7,20
P,2,MO005,67,8,20
P,2,MO005,80,9,15
P,2,MO005,59,7,15
P,2,MO005,62,8,15
P,2,MO005,69,8,20
P,2,MO005,61,7,15
P,2,MO005,71,6,15
P,3,MO007,70,3,5
P,3,MO007,64,2,5
P,3,MO007,63,3,10
P,3,MO007,68,3,5
P,3,MO007,67,2,5
P,3,MO007,70,3,10
P,3,MO007,65,3,10
P,3,MO007,68,2,5
P,3,MO007,64,3,5
P,3,MO007,66,3,5
P,3,MO007,71,2,5
P,3,MO007,65,,
P,4,MO008,57,3,5
P,4,MO008,53,5,5
P,4,MO008,41,5,5
P,4,MO008,61,3,7
P,4,MO008,60,3,5
P,4,MO008,73,5,5
P,4,MO008,66,3,10
P,4,MO008,63,5,7
P,4,MO008,63,5,1
P,4,MO008,71,2,10
P,4,MO008,66,4,5
P,4,MO008,42,4,5
P,4,MO008,58,3,5
P,4,MO008,69,5,5
P,5,MO010,82,3,10
P,5,MO010,72,2,20
P,5,MO010,25,2,10
P,5,MO010,57,3,20
P,5,MO010,36,4,15
P,5,MO010,76,4,12
P,5,MO010,72,4,10
P,5,MO010,75,3,10
P,5,MO010,66,4,12
P,5,MO010,76,,
P,6,MO012,61,4,10
P,6,MO012,21,3,15
P,6,MO012,61,3,10
P,6,MO012,16,4,15
P,6,MO012,55,,
P,6,MO012,38,,
P,6,MO012,62,,
P,7,MO014,65,4,20
P,7,MO014,59,4,12
P,7,MO014,66,4,7
P,7,MO014,65,2,15
P,7,MO014,65,3,10
P,7,MO014,61,2,7
P,7,MO014,65,3,10
P,7,MO014,64,2,10
P,7,MO014,61,2,7
P,7,MO014,67,3,15
P,7,MO014,58,3,7
P,7,MO014,65,1,5
P,7,MO014,61,,
P,8,MO015,61,4,30
P,8,MO015,69,4,20
P,8,MO015,77,5,20
P,8,MO015,46,4,10
P,8,MO015,58,4,20
P,8,MO015,60,4,15
P,8,MO015,69,5,20
P,8,MO015,50,4,20
P,8,MO015,66,4,10
P,8,MO015,64,4,5
P,8,MO015,61,4,15
P,8,MO015,63,5,20
P,8,MO015,42,5,10
P,9,MO016,59,3,5
P,9,MO016,63,3,7
P,9,MO016,61,4,2
P,9,MO016,54,4,3
P,9,MO016,63,3,2
P,9,MO016,62,2,3
P,9,MO016,65,4,3
P,9,MO016,61,4,2
P,9,MO016,53,3,3
P,9,MO016,61,2,5
P,9,MO016,53,2,2
P,9,MO016,58,4,2
P,9,MO016,57,3,2
P,9,MO016,57,3,3
P,10,MO017,65,3,15
P,10,MO017,75,2,15
P,10,MO017,82,2,15
P,10,MO017,80,2,10
P,10,MO017,70,1,5
P,10,MO017,74,2,5
P,10,MO017,79,1,10
P,10,MO017,78,3,12
P,10,MO017,79,2,15
P,10,MO017,80,2,10
P,10,MO017,72,2,5
P,10,MO017,73,2,15
P,11,MO021,69,3,20
P,11,MO021,74,3,10
P,11,MO021,76,2,12
P,11,MO021,69,4,7
P,11,MO021,73,2,15
P,11,MO021,68,3,10
P,11,MO021,73,4,17
P,11,MO021,48,2,8
P,11,MO021,73,3,10
P,11,MO021,73,3,10
P,11,MO021,78,3,15
P,11,MO021,42,4,7
P,11,MO021,78,3,22
P,11,MO021,75,2,10
P,12,MO022,48,5,10
P,12,MO022,47,3,10
P,12,MO022,68,5,5
P,12,MO022,43,3,5
P,12,MO022,44,4,5
P,12,MO022,54,3,5
P,12,MO022,31,4,5
P,12,MO022,55,6,10
P,12,MO022,47,6,5
P,12,MO022,68,5,5
P,13,MO023,51,2,20
P,13,MO023,50,3,25
P,13,MO023,47,3,25
P,13,MO023,52,3,15
P,13,MO023,52,3,20
P,13,MO023,57,4,15
P,13,MO023,49,3,15
P,13,MO023,53,4,15
P,13,MO023,59,3,15
P,13,MO023,51,.,.
P,13,MO023,57,.,.
P,13,MO023,53,.,.
P,14,MO024,81,4,10
P,14,MO024,71,4,15
P,14,MO024,70,4,20
P,14,MO024,80,4,20
P,14,MO024,76,4,10
P,14,MO024,79,4,25
P,14,MO024,83,3,10
P,14,MO024,84,4,15
P,14,MO024,81,3,20
P,14,MO024,72,2,10
P,14,MO024,79,4,20
P,14,MO024,83,5,20
P,14,MO024,73,4,15
P,14,MO024,65,.,.
P,15,MO025,64,3,10
P,15,MO025,48,6,10
P,15,MO025,66,5,10
P,15,MO025,57,3,5
P,15,MO025,63,4,5
P,15,MO025,63,3,10
P,15,MO025,23,3,5
P,15,MO025,25,4,10
P,15,MO025,52,2,10
P,15,MO025,66,3,5
P,15,MO025,59,.,.
P,15,MO025,56,.,.
P,16,MO027,53,2,5
P,16,MO027,55,2,15
P,16,MO027,23,2,10
P,16,MO027,58,1,5
P,16,MO027,58,2,10
P,16,MO027,61,2,5
P,16,MO027,54,1,5
P,16,MO027,60,2,5
P,16,MO027,57,1,5
P,16,MO027,51,.,.
P,17,MO028,47,3,5
P,17,MO028,65,3,10
P,17,MO028,58,3,15
P,17,MO028,51,2,20
P,17,MO028,39,3,10
P,17,MO028,57,2,5
P,17,MO028,54,2,10
P,17,MO028,68,.,.
P,17,MO028,42,2,5
P,17,MO028,41,.,.
P,17,MO028,57,.,.
P,18,MO029,55,.,.
P,18,MO029,61,.,.
P,18,MO029,49,.,.
P,18,MO029,51,.,.
P,18,MO029,39,.,.
P,18,MO029,50,.,.
P,18,MO029,51,.,.
P,18,MO029,46,.,.
P,18,MO029,59,.,.
P,18,MO029,57,.,.
P,18,MO029,43,.,.
P,18,MO029,51,.,.
P,18,MO029,53,.,.
P,18,MO029,38,.,.
P,18,MO029,46,.,.
P,18,MO029,49,.,.
P,19,MO030,72,5,25
P,19,MO030,69,4,15
P,19,MO030,72,5,10
P,19,MO030,68,6,10
P,19,MO030,69,5,10
P,19,MO030,70,5,10
P,19,MO030,61,4,15
P,19,MO030,65,5,10
P,19,MO030,63,4,5
P,19,MO030,25,.,.
P,19,MO030,58,.,.
P,20,MO031,69,5,10
P,20,MO031,76,4,10
P,20,MO031,75,4,10
P,20,MO031,77,3,5
P,20,MO031,77,5,12
P,20,MO031,62,4,10
P,20,MO031,71,5,5
P,20,MO031,55,4,5
P,20,MO031,62,.,.
P,20,MO031,77,.,.
P,20,MO031,79,.,.
P,20,MO031,64,.,.
P,21,MO032,44,3,5
P,21,MO032,62,2,5
P,21,MO032,57,3,5
P,21,MO032,55,3,10
P,21,MO032,58,2,5
P,21,MO032,56,3,5
P,21,MO032,60,2,5
P,21,MO032,63,3,3
P,21,MO032,54,1,10
P,21,MO032,44,4,5
P,21,MO032,61,.,.
P,22,MO033,46,5,20
P,22,MO033,60,3,15
P,22,MO033,66,4,5
P,22,MO033,66,4,5
P,22,MO033,62,3,5
P,22,MO033,59,4,10
P,22,MO033,66,3,10
P,22,MO033,69,4,5
P,22,MO033,63,4,15
P,22,MO033,53,6,20
P,22,MO033,61,4,15
P,23,MO034,53,5,20
P,23,MO034,61,5,10
P,23,MO034,60,5,20
P,23,MO034,25,6,20
P,23,MO034,58,5,20
P,23,MO034,61,5,10
P,23,MO034,28,5,20
P,23,MO034,56,1,10
P,23,MO034,55,5,20
P,23,MO034,60,4,10
P,23,MO034,64,.,.
P,23,MO034,62,.,.
P,24,MO035,40,7,30
P,24,MO035,36,3,40
P,24,MO035,41,3,20
P,24,MO035,28,4,25
P,24,MO035,35,4,25
P,24,MO035,50,2,15
P,24,MO035,55,2,10
P,24,MO035,42,3,12
P,24,MO035,52,4,30
P,24,MO035,49,3,30
P,24,MO035,61,5,25
P,24,MO035,54,5,30
P,24,MO035,54,.,.
P,24,MO035,49,.,.
P,25,MO039,54,3,10
P,25,MO039,63,2,5
P,25,MO039,65,3,3
P,25,MO039,58,3,3
P,25,MO039,56,3,10
P,25,MO039,24,3,3
P,25,MO039,57,2,3
P,25,MO039,29,4,5
P,25,MO039,55,3,3
P,25,MO039,65,4,3
P,25,MO039,36,4,5
P,25,MO039,41,3,3
P,25,MO039,67,4,3
P,25,MO039,64,.,.
P,26,MO040,60,6,15
P,26,MO040,67,5,10
P,26,MO040,73,5,10
P,26,MO040,61,4,15
P,26,MO040,47,5,15
P,26,MO040,58,4,10
P,26,MO040,48,7,15
P,26,MO040,57,3,12
P,26,MO040,50,5,20
P,26,MO040,59,5,10
P,26,MO040,41,5,10
P,26,MO040,62,4,10
P,26,MO040,61,5,15
P,26,MO040,47,7,20
P,26,MO040,70,6,20
P,26,MO040,68,.,.
P,27,MO043,53,2,15
P,27,MO043,38,3,15
P,27,MO043,37,5,15
P,27,MO043,34,4,10
P,27,MO043,24,5,15
P,27,MO043,37,5,20
P,27,MO043,36,5,15
P,27,MO043,40,4,15
P,27,MO043,39,4,20
P,27,MO043,46,4,15
P,27,MO043,53,4,20
P,27,MO043,28,4,15
P,27,MO043,51,5,20
P,27,MO043,55,.,.
P,28,MO044,49,3,10
P,28,MO044,60,4,15
P,28,MO044,62,3,15
P,28,MO044,63,3,17
P,28,MO044,55,3,18
P,28,MO044,67,3,15
P,28,MO044,61,1,15
P,28,MO044,53,2,25
P,28,MO044,43,2,8
P,28,MO044,61,4,15
P,28,MO044,64,3,10
P,28,MO044,63,1,6
P,28,MO044,50,4,25
P,28,MO044,57,3,20
P,29,MO045,56,3,5
P,29,MO045,57,2,5
P,29,MO045,64,1,10
P,29,MO045,68,3,5
P,29,MO045,60,2,7
P,29,MO045,60,2,5
P,29,MO045,61,.,.
P,29,MO045,56,.,.
P,29,MO045,60,.,.
P,30,MO046,30,3,30
P,30,MO046,60,4,10
P,30,MO046,70,5,15
P,30,MO046,67,3,10
P,30,MO046,64,2,25
P,30,MO046,59,3,20
P,30,MO046,58,3,30
P,30,MO046,55,3,35
P,30,MO046,45,2,30
P,30,MO046,55,4,10
P,30,MO046,58,4,40
P,30,MO046,57,3,40
P,30,MO046,53,.,.
P,30,MO046,40,.,.
P,30,MO046,57,.,.
P,30,MO046,67,.,.
P,30,MO046,63,.,.
P,31,MO048,44,8,10
P,31,MO048,43,8,10
P,31,MO048,49,5,10
P,31,MO048,54,7,15
P,31,MO048,52,7,10
P,31,MO048,56,7,10
P,31,MO048,52,7,10
P,31,MO048,55,5,10
P,31,MO048,52,7,10
P,31,MO048,46,7,15
P,31,MO048,48,.,.
P,31,MO048,50,.,.
P,31,MO048,48,.,.
P,32,MO051,68,6,10
P,32,MO051,73,4,5
P,32,MO051,65,4,12
P,32,MO051,78,4,5
P,32,MO051,68,5,10
P,32,MO051,61,5,10
P,32,MO051,74,4,5
P,32,MO051,77,5,10
P,32,MO051,63,3,12
P,32,MO051,68,3,7
P,32,MO051,74,4,15
P,32,MO051,79,6,15
P,32,MO051,72,.,.
P,32,MO051,75,.,.
P,32,MO051,77,.,.
P,33,MO052,58,5,10
P,33,MO052,61,3,5
P,33,MO052,62,3,5
P,33,MO052,57,4,10
P,33,MO052,49,6,5
P,33,MO052,64,3,5
P,33,MO052,66,3,5
P,33,MO052,63,5,10
P,33,MO052,55,4,5
P,33,MO052,59,.,.
P,33,MO052,63,.,.
P,33,MO052,59,.,.
P,33,MO052,59,.,.
P,33,MO052,61,.,.
P,34,MO054,69,4,25
P,34,MO054,73,3,10
P,34,MO054,55,3,25
P,34,MO054,48,3,20
P,34,MO054,65,2,10
P,34,MO054,71,3,12
P,34,MO054,73,3,25
P,34,MO054,83,3,12
P,34,MO054,42,3,15
P,34,MO054,71,2,10
P,34,MO054,69,3,20
P,34,MO054,62,3,12
P,34,MO054,78,.,.
P,34,MO054,69,.,.
P,34,MO054,73,.,.
P,35,MO055,66,4,10
P,35,MO055,32,4,20
P,35,MO055,67,2,15
P,35,MO055,53,5,15
P,35,MO055,68,4,17
P,35,MO055,64,4,10
P,35,MO055,63,4,10
P,35,MO055,62,3,10
P,35,MO055,63,4,10
P,35,MO055,62,3,10
P,35,MO055,65,3,5
P,35,MO055,65,5,10
P,35,MO055,43,2,5
P,35,MO055,67,5,10
P,35,MO055,69,.,.
P,36,MO057,28,3,20
P,36,MO057,41,6,25
P,36,MO057,33,3,20
P,36,MO057,35,3,20
P,36,MO057,34,4,25
P,36,MO057,29,3,15
P,36,MO057,41,4,20
P,36,MO057,32,3,20
P,36,MO057,44,4,20
P,36,MO057,48,5,25
P,36,MO057,19,.,.
P,36,MO057,47,.,.
P,37,MO058,68,4,5
P,37,MO058,63,4,5
P,37,MO058,57,2,10
P,37,MO058,48,3,5
P,37,MO058,53,3,10
P,37,MO058,62,3,5
P,37,MO058,60,2,5
P,37,MO058,63,1,3
P,37,MO058,31,1,3
P,37,MO058,55,4,3
P,37,MO058,25,.,.
P,37,MO058,63,.,.
P,38,MO060,64,6,10
P,38,MO060,65,6,12
P,38,MO060,62,5,10
P,38,MO060,67,6,10
P,38,MO060,73,5,12
P,38,MO060,69,5,12
P,38,MO060,59,5,15
P,38,MO060,65,7,15
P,38,MO060,59,6,12
P,38,MO060,58,6,10
P,38,MO060,60,6,12
P,38,MO060,71,.,.
P,38,MO060,70,.,.
P,39,MO061,72,.,.
P,39,MO061,39,.,.
P,39,MO061,63,.,.
P,39,MO061,67,.,.
P,39,MO061,68,.,.
P,39,MO061,69,.,.
P,39,MO061,67,.,.
P,39,MO061,70,.,.
P,39,MO061,62,.,.
P,39,MO061,63,.,.
P,39,MO061,65,.,.
P,39,MO061,65,.,.
P,40,MO062,68,3,17
P,40,MO062,67,5,10
P,40,MO062,67,2,10
P,40,MO062,66,4,15
P,40,MO062,67,3,10
P,40,MO062,69,4,20
P,40,MO062,72,3,5
P,40,MO062,71,3,12
P,40,MO062,72,3,10
P,40,MO062,68,4,10
P,40,MO062,65,4,5
P,40,MO062,73,3,12
P,40,MO062,69,.,.
P,40,MO062,38,.,.
P,40,MO062,68,.,.
P,40,MO062,69,.,.
P,40,MO062,90,.,.
P,41,MO063,55,4,5
P,41,MO063,61,3,5
P,41,MO063,55,3,3
P,41,MO063,55,3,3
P,41,MO063,61,2,5
P,41,MO063,53,1,2
P,41,MO063,61,5,5
P,41,MO063,48,3,3
P,41,MO063,41,2,5
P,41,MO063,49,2,5
P,42,MO066,26,6,15
P,42,MO066,32,2,5
P,42,MO066,32,4,10
P,42,MO066,33,6,20
P,42,MO066,24,6,5
P,42,MO066,29,3,10
P,42,MO066,45,4,5
P,42,MO066,41,.,.
P,42,MO066,35,.,.
P,42,MO066,44,.,.
P,42,MO066,27,.,.
P,42,MO066,35,.,.
P,43,MO067,70,7,20
P,43,MO067,67,8,15
P,43,MO067,74,7,25
P,43,MO067,66,6,10
P,43,MO067,64,4,15
P,43,MO067,71,7,17
P,43,MO067,21,5,15
P,43,MO067,72,4,15
P,43,MO067,75,7,20
P,43,MO067,68,.,.
P,43,MO067,72,.,.
P,44,MO074,56,.,.
P,44,MO074,33,.,.
P,44,MO074,67,.,.
P,44,MO074,70,.,.
P,44,MO074,72,.,.
P,44,MO074,63,.,.
P,44,MO074,61,.,.
P,44,MO074,68,.,.
P,44,MO074,66,.,.
P,44,MO074,64,.,.
P,44,MO074,66,.,.
P,44,MO074,67,.,.
P,44,MO074,19,.,.
P,44,MO074,66,.,.
P,45,MO075,67,2,5
P,45,MO075,71,2,5
P,45,MO075,66,1,5
P,45,MO075,65,1,5
P,45,MO075,76,1,5
P,45,MO075,80,2,5
P,45,MO075,73,3,10
P,45,MO075,73,2,5
P,45,MO075,69,2,5
P,45,MO075,72,2,5
P,45,MO075,67,.,.
P,45,MO075,71,.,.
P,46,MO076,68,3,15
P,46,MO076,62,5,10
P,46,MO076,73,3,10
P,46,MO076,39,4,7
P,48,MO079,54,6,12
P,48,MO079,58,6,25
P,48,MO079,46,7,20
P,48,MO079,63,8,20
P,48,MO079,62,9,20
P,48,MO079,59,3,20
P,48,MO079,42,5,10
P,48,MO079,70,8,20
P,48,MO079,61,9,15
P,48,MO079,75,4,7
P,48,MO079,58,7,12
P,48,MO079,34,7,20
P,48,MO079,64,7,10
P,48,MO079,59,6,20
P,49,MO262,68,2,15
P,49,MO262,47,3,20
P,49,MO262,69,3,13
P,49,MO262,69,3,20
P,49,MO262,66,4,15
P,49,MO262,70,3,20
P,49,MO262,71,2,22
P,49,MO262,68,3,5
P,49,MO262,75,4,15
P,49,MO262,72,4,10
P,49,MO262,62,3,5
P,49,MO262,73,4,8
P,50,MO264,53,2,20
P,50,MO264,53,3,20
P,50,MO264,36,3,15
P,50,MO264,55,1,25
P,50,MO264,63,5,15
P,50,MO264,60,3,15
P,50,MO264,54,3,12
P,50,MO264,25,2,15
P,50,MO264,24,.,.
P,50,MO264,58,.,.
P,51,MO265,51,7,5
P,51,MO265,63,6,5
P,51,MO265,79,8,5
P,51,MO265,74,5,10
P,51,MO265,77,4,5
P,51,MO265,69,5,10
P,51,MO265,67,6,13
P,51,MO265,75,5,5
P,51,MO265,63,7,8
P,51,MO265,34,6,5
P,51,MO265,67,6,10
P,51,MO265,70,5,5
P,51,MO265,75,8,7
P,51,MO265,44,4,5
P,51,MO265,76,7,5
P,52,MO266,74,7,10
P,52,MO266,66,5,7
P,52,MO266,73,5,12
P,52,MO266,40,6,10
P,52,MO266,66,9,15
P,52,MO266,68,6,12
P,52,MO266,72,8,15
P,52,MO266,70,9,20
P,52,MO266,73,5,12
P,52,MO266,61,7,15
P,52,MO266,68,9,20
P,53,MO267,62,7,10
P,53,MO267,55,6,15
P,53,MO267,64,7,15
P,53,MO267,59,5,15
P,53,MO267,54,8,15
P,53,MO267,70,6,10
P,53,MO267,60,6,10
P,53,MO267,61,8,10
P,53,MO267,59,6,15
P,53,MO267,48,6,12
P,53,MO267,53,7,15
P,53,MO267,62,4,10
P,53,MO267,64,.,.
P,53,MO267,69,.,.
P,54,MO269,65,4,5
P,54,MO269,61,4,5
P,54,MO269,62,5,2
P,54,MO269,73,4,2
P,54,MO269,74,4,2
P,54,MO269,70,2,4
P,54,MO269,70,4,4
P,54,MO269,73,4,4
P,54,MO269,67,4,3
P,54,MO269,65,3,4
P,54,MO269,71,3,3
P,54,MO269,70,.,.
P,54,MO269,69,.,.
P,55,MO272,79,5,10
P,55,MO272,76,5,10
P,55,MO272,77,5,10
P,55,MO272,58,5,7
P,55,MO272,77,6,10
P,55,MO272,81,6,15
P,55,MO272,77,6,10
P,55,MO272,73,6,10
P,55,MO272,76,7,10
P,55,MO272,69,4,10
P,55,MO272,67,6,7
P,55,MO272,73,5,15
P,55,MO272,64,6,10
P,56,MO275,56,5,10
P,56,MO275,61,6,10
P,56,MO275,80,2,5
P,56,MO275,73,4,5
P,56,MO275,71,2,3
P,56,MO275,54,2,5
P,56,MO275,51,3,5
P,56,MO275,43,4,10
P,56,MO275,73,5,10
P,56,MO275,71,5,10
P,56,MO275,67,.,.
P,56,MO275,55,.,.
P,56,MO275,29,.,.
P,57,MO276,67,2,15
P,57,MO276,69,2,10
P,57,MO276,66,3,20
P,57,MO276,73,3,10
P,57,MO276,67,3,10
P,57,MO276,66,3,20
P,57,MO276,66,3,15
P,57,MO276,66,3,15
P,57,MO276,68,3,20
P,57,MO276,72,1,15
P,57,MO276,73,2,7
P,57,MO276,65,.,.
P,57,MO276,69,.,.
P,58,MO281,56,10,10
P,58,MO281,73,11,10
P,58,MO281,67,9,12
P,58,MO281,63,11,10
P,58,MO281,84,11,10
P,58,MO281,76,12,1
P,58,MO281,70,9,10
P,58,MO281,70,.,.
P,58,MO281,54,.,.
P,58,MO281,59,.,.
P,59,MO284,79,6,15
P,59,MO284,74,5,12
P,59,MO284,90,6,15
P,59,MO284,81,5,10
P,59,MO284,84,5,10
P,59,MO284,87,5,10
P,59,MO284,85,5,10
P,59,MO284,90,4,10
P,59,MO284,84,5,15
P,59,MO284,87,5,10
P,59,MO284,88,.,.
P,59,MO284,76,.,.
P,59,MO284,74,.,.
P,60,MO287,64,4,20
P,60,MO287,59,4,40
P,60,MO287,68,6,20
P,60,MO287,69,4,15
P,60,MO287,78,4,20
P,60,MO287,68,4,10
P,60,MO287,73,5,20
P,60,MO287,62,4,30
P,60,MO287,63,5,20
P,60,MO287,67,4,50
P,60,MO287,62,.,.
P,60,MO287,55,.,.
P,60,MO287,65,.,.
P,60,MO287,59,.,.
P,61,MO288,61,4,12
P,61,MO288,66,5,15
P,61,MO288,66,5,17
P,61,MO288,59,4,15
P,61,MO288,66,6,17
P,61,MO288,66,3,12
P,61,MO288,65,4,15
P,61,MO288,64,3,15
P,61,MO288,75,5,15
P,61,MO288,63,5,15
P,61,MO288,70,3,10
P,61,MO288,65,.,.
P,61,MO288,64,.,.
P,62,MO296,62,4,25
P,62,MO296,49,3,15
P,62,MO296,58,4,40
P,62,MO296,54,3,20
P,62,MO296,57,5,40
P,62,MO296,57,3,35
P,62,MO296,33,3,40
P,62,MO296,56,3,35
P,62,MO296,49,4,25
P,62,MO296,67,4,40
P,62,MO296,59,.,.
P,62,MO296,59,.,.
P,62,MO296,50,.,.
P,63,MO297,51,5,20
P,63,MO297,57,5,20
P,63,MO297,31,5,22
P,63,MO297,65,3,20
P,63,MO297,58,5,15
P,63,MO297,63,5,15
P,63,MO297,35,5,20
P,63,MO297,58,5,25
P,63,MO297,55,2,10
P,63,MO297,57,5,20
P,63,MO297,54,.,.
P,64,MO298,72,7,20
P,64,MO298,73,6,30
P,64,MO298,69,7,30
P,64,MO298,71,5,35
P,64,MO298,71,6,20
P,64,MO298,74,6,25
P,64,MO298,69,5,40
P,64,MO298,72,7,35
P,64,MO298,71,6,30
P,64,MO298,69,5,35
P,64,MO298,66,7,20
P,64,MO298,64,.,.
P,64,MO298,68,.,.
P,64,MO298,55,.,.
P,64,MO298,67,.,.
P,65,MO309,63,3,15
P,65,MO309,66,3,20
P,65,MO309,56,3,7
P,65,MO309,57,2,10
P,65,MO309,68,4,10
P,65,MO309,55,4,5
P,65,MO309,74,4,5
P,65,MO309,64,4,8
P,65,MO309,57,2,5
P,65,MO309,67,3,5
P,65,MO309,71,.,.
P,65,MO309,73,.,.
P,66,MO310,48,3,5
P,66,MO310,46,3,7
P,66,MO310,30,2,12
P,66,MO310,65,4,10
P,66,MO310,60,3,12
P,66,MO310,56,2,20
P,66,MO310,37,3,10
P,66,MO310,53,1,5
P,66,MO310,50,3,7
P,66,MO310,52,2,7
P,66,MO310,48,.,.
P,66,MO310,48,.,.
P,67,MO311,28,4,10
P,67,MO311,61,3,14
P,67,MO311,60,3,12
P,67,MO311,57,3,10
P,67,MO311,59,3,8
P,67,MO311,54,3,5
P,67,MO311,53,3,10
P,67,MO311,55,3,9
P,67,MO311,51,4,8
P,67,MO311,53,3,6
P,67,MO311,23,.,.
P,67,MO311,57,.,.
P,67,MO311,56,.,.
P,67,MO311,57,.,.
P,68,MO315,46,2,5
P,68,MO315,61,3,5
P,68,MO315,47,3,10
P,68,MO315,54,3,10
P,68,MO315,43,3,10
P,68,MO315,72,3,5
P,68,MO315,67,3,7
P,68,MO315,61,4,10
P,68,MO315,71,5,10
P,68,MO315,78,5,10
P,68,MO315,73,.,.
P,68,MO315,71,.,.
P,69,MO317,56,5,25
P,69,MO317,70,3,20
P,69,MO317,71,5,20
P,69,MO317,59,4,15
P,69,MO317,70,4,15
P,69,MO317,76,4,17
P,69,MO317,71,5,25
P,69,MO317,73,4,10
P,69,MO317,63,6,20
P,69,MO317,70,5,20
P,69,MO317,72,.,.
P,69,MO317,70,.,.
P,69,MO317,70,.,.
P,70,MO321,55,3,15
P,70,MO321,37,5,10
P,70,MO321,48,4,15
P,70,MO321,54,5,10
P,70,MO321,35,4,10
P,70,MO321,58,4,10
P,70,MO321,61,4,10
P,70,MO321,60,4,10
P,70,MO321,57,5,10
P,70,MO321,60,4,10
P,70,MO321,69,.,.
P,70,MO321,62,.,.
P,70,MO321,67,.,.
P,70,MO321,74,.,.
P,70,MO321,69,.,.
P,70,MO321,70,.,.
P,70,MO321,69,.,.
P,71,MO322,66,6,20
P,71,MO322,75,5,20
P,71,MO322,75,6,15
P,71,MO322,74,4,20
P,71,MO322,65,4,25
P,71,MO322,74,5,15
P,71,MO322,71,4,25
P,71,MO322,82,5,20
P,71,MO322,75,1,5
P,71,MO322,71,6,25
P,71,MO322,78,6,30
P,71,MO322,79,.,.
P,72,MO323,85,5,10
P,72,MO323,85,5,8
P,72,MO323,86,5,7
P,72,MO323,83,4,15
P,72,MO323,83,5,15
P,72,MO323,84,4,10
P,72,MO323,74,.,.
P,72,MO323,78,.,.
P,72,MO323,76,.,.
P,72,MO323,86,.,.
P,72,MO323,90,.,.
P,72,MO323,82,.,.
P,72,MO323,84,.,.
P,73,MO325,76,6,20
P,73,MO325,82,4,25
P,73,MO325,65,5,30
P,73,MO325,79,4,20
P,73,MO325,72,5,15
P,73,MO325,63,5,20
P,73,MO325,63,4,20
P,73,MO325,80,5,25
P,73,MO325,73,3,25
P,73,MO325,48,4,25
P,73,MO325,41,4,30
P,73,MO325,84,4,30
P,73,MO325,82,.,.
P,73,MO325,44,.,.
P,73,MO325,83,.,.
P,73,MO325,86,.,.
P,74,MO326,40,4,15
P,74,MO326,53,5,20
P,74,MO326,68,2,20
P,74,MO326,70,5,15
P,74,MO326,74,5,20
P,74,MO326,74,5,25
P,74,MO326,68,6,15
P,74,MO326,49,3,15
P,74,MO326,73,4,20
P,74,MO326,70,5,15
P,74,MO326,69,.,.
P,74,MO326,71,.,.
P,74,MO326,66,.,.
P,74,MO326,29,.,.
P,75,MO328,71,3,2
P,75,MO328,72,4,5
P,75,MO328,57,3,10
P,75,MO328,65,4,10
P,75,MO328,58,5,15
P,75,MO328,61,2,5
P,75,MO328,65,4,5
P,75,MO328,74,5,10
P,75,MO328,69,5,10
P,75,MO328,83,.,.
P,75,MO328,77,.,.
P,75,MO328,77,.,.
P,75,MO328,84,.,.
P,75,MO328,75,.,.
P,75,MO328,70,.,.
P,76,MO337,73,4,10
P,76,MO337,68,5,15
P,76,MO337,79,6,15
P,76,MO337,59,4,20
P,76,MO337,77,4,15
P,76,MO337,83,4,20
P,76,MO337,87,3,20
P,76,MO337,85,2,17
P,76,MO337,83,4,12
P,76,MO337,49,5,10
P,76,MO337,82,.,.
P,76,MO337,84,.,.
P,76,MO337,72,.,.
P,77,MO341,73,2,5
P,77,MO341,49,3,15
P,77,MO341,64,3,10
P,77,MO341,66,2,5
P,77,MO341,71,3,7
P,77,MO341,69,3,10
P,77,MO341,61,2,5
P,77,MO341,69,3,12
P,77,MO341,69,2,5
P,77,MO341,70,3,10
P,77,MO341,64,3,10
P,77,MO341,74,.,.
P,77,MO341,39,.,.
P,77,MO341,62,.,.
P,77,MO341,69,.,.
P,78,MO344,35,7,10
P,78,MO344,42,7,10
P,78,MO344,52,7,10
P,78,MO344,51,6,10
P,78,MO344,48,8,10
P,78,MO344,52,9,10
P,78,MO344,51,6,12
P,78,MO344,49,8,5
P,78,MO344,42,6,10
P,78,MO344,47,5,5
P,78,MO344,36,.,.
P,78,MO344,45,.,.
P,79,MO345,67,3,30
P,79,MO345,55,5,20
P,79,MO345,62,4,22
P,79,MO345,66,3,25
P,79,MO345,70,5,30
P,79,MO345,52,3,20
P,79,MO345,66,4,20
P,79,MO345,72,5,25
P,79,MO345,62,6,30
P,79,MO345,53,4,25
P,79,MO345,66,3,30
P,79,MO345,65,.,.
P,79,MO345,65,.,.
P,79,MO345,66,.,.
P,79,MO345,72,.,.
P,79,MO345,67,.,.
P,79,MO345,63,.,.
P,80,MO346,68,2,12
P,80,MO346,72,3,15
P,80,MO346,76,4,10
P,80,MO346,61,2,5
P,80,MO346,82,3,10
P,80,MO346,84,6,10
P,80,MO346,65,7,15
P,80,MO346,35,5,7
P,80,MO346,64,4,5
P,80,MO346,54,6,10
P,80,MO346,31,5,7
P,80,MO346,65,.,.
P,80,MO346,73,.,.
P,81,MO352,54,4,5
P,81,MO352,55,4,5
P,81,MO352,44,4,10
P,81,MO352,57,3,7
P,81,MO352,61,2,5
P,81,MO352,61,4,15
P,81,MO352,57,3,7
P,81,MO352,54,4,12
P,81,MO352,55,5,17
P,81,MO352,57,3,10
P,81,MO352,52,.,.
P,81,MO352,47,.,.
P,81,MO352,53,.,.
P,81,MO352,55,.,.
P,81,MO352,51,.,.
P,81,MO352,52,.,.
P,82,MO354,60,4,10
P,82,MO354,44,5,20
P,82,MO354,43,5,20
P,82,MO354,62,3,10
P,82,MO354,51,4,20
P,82,MO354,63,4,5
P,82,MO354,60,4,5
P,82,MO354,59,4,5
P,82,MO354,67,5,20
P,82,MO354,65,.,.
P,82,MO354,62,.,.
P,82,MO354,66,.,.
P,82,MO354,35,.,.
P,83,MO355,59,3,25
P,83,MO355,71,4,20
P,83,MO355,69,4,23
P,83,MO355,68,2,25
P,83,MO355,72,3,15
P,83,MO355,72,2,10
P,83,MO355,43,4,15
P,83,MO355,66,4,12
P,83,MO355,68,4,20
P,83,MO355,69,4,10
P,83,MO355,66,.,.
P,83,MO355,66,.,.
P,83,MO355,60,.,.
P,83,MO355,51,.,.
P,84,MO357,23,3,45
P,84,MO357,43,3,35
P,84,MO357,45,4,25
P,84,MO357,40,4,30
P,84,MO357,45,3,30
P,84,MO357,24,3,25
P,84,MO357,45,5,30
P,84,MO357,44,2,10
P,84,MO357,35,5,30
P,84,MO357,42,.,.
P,84,MO357,36,.,.
P,85,MO360,69,5,10
P,85,MO360,69,4,25
P,85,MO360,67,5,20
P,85,MO360,70,5,20
P,85,MO360,68,4,20
P,85,MO360,67,5,30
P,85,MO360,67,5,20
P,85,MO360,66,6,20
P,85,MO360,71,1,.
P,85,MO360,66,4,20
P,85,MO360,66,6,20
P,85,MO360,68,5,25
P,85,MO360,61,5,10
P,85,MO360,64,.,.
P,85,MO360,54,.,.
P,85,MO360,66,.,.
P,86,MO364,72,.,.
P,86,MO364,76,.,.
P,86,MO364,69,.,.
P,86,MO364,68,.,.
P,86,MO364,71,.,.
P,86,MO364,61,.,.
P,86,MO364,66,.,.
P,86,MO364,66,.,.
P,86,MO364,33,.,.
P,86,MO364,59,.,.
P,86,MO364,59,.,.
P,86,MO364,68,.,.
P,86,MO364,44,.,.
P,87,MO365,84,8,15
P,87,MO365,76,7,10
P,87,MO365,87,8,20
P,87,MO365,63,7,15
P,87,MO365,77,6,20
P,87,MO365,81,8,20
P,87,MO365,49,6,15
P,87,MO365,80,9,20
P,87,MO365,78,4,20
P,87,MO365,77,4,10
P,87,MO365,77,6,20
P,87,MO365,73,.,.
P,88,MO368,53,7,5
P,88,MO368,73,7,5
P,88,MO368,75,8,5
P,88,MO368,67,5,3
P,88,MO368,49,6,5
P,88,MO368,72,6,5
P,88,MO368,69,5,3
P,88,MO368,76,5,3
P,88,MO368,63,3,5
P,88,MO368,74,.,.
P,88,MO368,69,.,.
P,88,MO368,71,.,.
P,88,MO368,53,.,.
P,89,MO369,47,5,10
P,89,MO369,71,5,5
P,89,MO369,65,4,5
P,89,MO369,63,5,5
P,89,MO369,70,5,3
P,89,MO369,65,6,5
P,89,MO369,50,5,5
P,89,MO369,67,.,.
P,89,MO369,68,.,.
P,89,MO369,67,.,.
P,89,MO369,64,.,.
P,90,MO378,67,5,20
P,90,MO378,65,3,20
P,90,MO378,69,5,25
P,90,MO378,70,4,40
P,90,MO378,60,6,30
P,90,MO378,20,5,15
P,90,MO378,59,6,15
P,90,MO378,62,3,45
P,90,MO378,64,4,20
P,90,MO378,75,5,35
P,90,MO378,71,.,.
P,90,MO378,47,.,.
P,91,MO379,55,3,10
P,91,MO379,36,4,12
P,91,MO379,52,4,20
P,91,MO379,54,2,16
P,91,MO379,46,3,15
P,91,MO379,53,4,10
P,91,MO379,34,2,12
P,91,MO379,50,3,10
P,91,MO379,49,2,15
P,91,MO379,44,3,7
P,91,MO379,46,.,.
P,91,MO379,49,.,.
P,91,MO379,52,.,.
P,91,MO379,41,.,.
P,92,MO382,53,4,17
P,92,MO382,52,3,12
P,92,MO382,49,2,5
P,92,MO382,54,2,10
P,92,MO382,57,5,15
P,92,MO382,33,3,7
P,92,MO382,53,5,5
P,92,MO382,61,4,5
P,92,MO382,54,3,15
P,92,MO382,49,3,10
P,92,MO382,54,.,.
P,92,MO382,57,.,.
P,93,MO383,52,3,10
P,93,MO383,59,3,20
P,93,MO383,57,3,5
P,93,MO383,56,4,20
P,93,MO383,60,3,5
P,93,MO383,51,2,5
P,93,MO383,54,2,7
P,93,MO383,56,3,20
P,93,MO383,47,3,15
P,93,MO383,55,2,5
P,93,MO383,53,.,.
P,94,MO384,65,5,10
P,94,MO384,63,6,10
P,94,MO384,66,9,20
P,94,MO384,72,8,10
P,94,MO384,67,6,7
P,94,MO384,67,6,10
P,94,MO384,71,2,5
P,94,MO384,67,6,10
P,94,MO384,38,2,10
P,94,MO384,64,8,10
P,94,MO384,69,.,.
P,94,MO384,67,.,.
P,95,IBMB73,66,5,10
P,95,IBMB73,75,4,10
P,95,IBMB73,71,6,10
P,95,IBMB73,65,6,10
P,95,IBMB73,73,5,7
P,95,IBMB73,74,6,5
P,95,IBMB73,73,5,5
P,95,IBMB73,64,4,5
P,95,IBMB73,73,6,10
P,95,IBMB73,62,6,7
P,95,IBMB73,56,4,5
P,95,IBMB73,63,6,10
P,96,IBMMO17,65,3,15
P,96,IBMMO17,69,5,10
P,96,IBMMO17,74,4,15
P,96,IBMMO17,72,3,17
P,96,IBMMO17,64,5,12
P,96,IBMMO17,61,3,12
P,96,IBMMO17,70,5,10
P,96,IBMMO17,62,7,15
P,96,IBMMO17,59,4,10
P,96,IBMMO17,68,2,15
P,97,MO003,,,
P,98,MO009,,,
P,99,MO011,,,
P,100,MO013,,,
P,101,MO018,,,
P,102,MO019,,,
P,103,MO026,,,
P,104,MO036,,,
P,105,MO038,,,
P,106,MO041,,,
P,107,MO042,,,
P,108,MO047,,,
P,109,MO056,,,
P,110,MO059,,,
P,111,MO068,,,
P,112,MO080,,,
P,113,MO081,,,
P,114,MO082,,,
P,115,MO083,,,
P,116,MO085,,,
P,117,MO086,,,
P,118,MO087,,,
P,119,MO088,,,
P,120,MO090,,,
P,121,MO091,,,
P,122,MO092,,,
P,123,MO093,,,
P,124,MO096,,,
P,125,MO097,,,
P,126,MO098,,,
P,127,MO099,,,
P,128,MO101,,,
P,129,MO102,,,
P,130,MO101,,,
P,131,MO106,,,
P,132,MO109,,,
P,133,MO111,,,
P,134,MO113,,,
P,135,MO114,,,
P,136,MO116,,,
P,137,MO118,,,
P,138,MO120,,,
P,139,MO123,,,
P,140,MO124,,,
P,141,MO125,,,
P,142,MO126,,,
P,143,MO127,,,
P,144,MO128,,,
P,145,MO129,,,
P,146,MO130,,,
P,147,MO131,,,
P,148,MO132,,,
P,149,MO133,,,
P,150,MO134,,,
P,151,MO138,,,
P,152,MO141,,,
P,153,MO142,,,
P,154,MO143,,,
P,155,MO145,,,
P,156,MO146,,,
P,157,MO147,,,
P,158,MO150,,,
P,159,MO151,,,
P,160,MO153,,,
P,161,MO154,,,
P,162,MO156,,,
P,163,MO157,,,
P,164,MO159,,,
P,165,MO160,,,
P,166,MO161,,,
P,167,MO162,,,
P,168,MO163,,,
P,169,MO164,,,
P,170,MO165,,,
P,171,MO167,,,
P,172,MO168,,,
P,173,MO169,,,
P,174,MO171,,,
P,175,MO172,,,
P,176,MO174,,,
P,177,MO176,,,
P,178,MO177,,,
P,179,MO178,,,
P,180,MO180,,,
P,181,MO181,,,
P,182,MO182,,,
P,183,MO183,,,
P,184,MO184,,,
P,185,MO185,,,
P,186,MO186,,,
P,187,MO187,,,
P,188,,,,
P,189,Mo190,,,
P,190,Mo191,,,
P,191,Mo192,,,
P,192,Mo194,,,
P,193,Mo196,,,
P,194,Mo197,,,
P,195,Mo198,,,
P,196,Mo199,,,
P,197,Mo200,,,
P,198,Mo201,,,
P,199,Mo202,,,
P,200,Mo205,,,
P,201,Mo206,,,
P,202,Mo209,,,
P,203,Mo210,,,
P,204,Mo213,,,
P,205,Mo214,,,
P,206,Mo215,,,
P,207,Mo216,,,
P,208,Mo218,,,
P,209,Mo219,,,
P,210,Mo220,,,
P,211,Mo222,,,
P,212,Mo223,,,
P,213,Mo224,,,
P,214,Mo225,,,
P,215,Mo228,,,
P,216,Mo229,,,
P,217,Mo230,,,
P,218,Mo232,,,
P,219,Mo233,,,
P,220,Mo236,,,
P,221,Mo237,,,
P,222,Mo238,,,
P,223,Mo236,,,
P,224,Mo246,,,
P,225,Mo248,,,
P,226,Mo250,,,
P,227,Mo253,,,
P,228,Mo255,,,
P,229,Mo256,,,
P,230,Mo258,,,
P,231,Mo261,,,
P,232,Mo263,,,
P,233,Mo268,,,
P,234,Mo270,,,
P,235,Mo271,,,
P,236,Mo274,,,
P,237,Mo277,,,
P,238,Mo278,,,
P,239,Mo279,,,
P,240,Mo280,,,
P,241,Mo282,,,
P,242,Mo283,,,
P,243,Mo286,,,
P,244,Mo289,,,
P,245,Mo292,,,
P,246,Mo295,,,
P,247,Mo300,,,
P,248,Mo301,,,
P,249,Mo302,,,
P,250,Mo304,,,
P,251,Mo305,,,
P,252,Mo307,,,
P,253,Mo313,,,
P,254,Mo314,,,
P,255,Mo318,,,
P,256,Mo327,,,
P,257,Mo329,,,
P,258,Mo331,,,
P,259,Mo332,,,
P,260,Mo334,,,
P,261,Mo335,,,
P,262,Mo336,,,
P,263,Mo338,,,
P,264,Mo340,,,
P,265,Mo342,,,
P,266,Mo347,,,
P,267,Mo351,,,
P,268,Mo356,,,
P,269,Mo358,,,
P,270,Mo361,,,
P,271,Mo362,,,
P,272,Mo367,,,
P,273,Mo372,,,
P,274,Mo373,,,
P,275,Mo374,,,
P,276,Mo376,,,
P,277,Mo380,,,
P,278,Mo381,,,
P,279,IBMB73,,,
P,280,IBMB73,,,
P,281,IBMMo17,,,
P,282,IBMMo17,,,
P,283,LH132,,,
P,284,LH51,,,
P,285,B97,,,
P,286,B73,,,
P,287,CML103,,,
P,288,CML247,,,
P,289,CML322,,,
P,290,CML333,,,
P,291,CML52,,,
P,292,CML69,,,
P,293,Hp301,,,
P,294,Mo17,,,
P,295,NC350,,,
P,296,NC358,,,
P,297,Oh43,,,
P,298,Oh713,,,
P,299,Tx303,,,
P,300,T2i8,,,
P,301,B97 delay,,,
P,302,CML333 delay,,,
P,303,CML103 delay,,,
P,304,NC358 delay,,,
P,305,Cacahuacintle,,,
P,306,Arrocillo Amarillo,,,
P,307,Mishca Ecuador,,,
P,308,Conico,,,
P,309,Confite Puneno,,,
P,310,W23 b pl,,,
P,311,Chinese inbred,,,
P,312,glossy1 in Chinese background,,,
P,313,IBM B73,,,
P,314,IBM B73,,,
P,315,IBM Mo17,,,
P,316,IBM Mo17,,,
