"scanv.result.loc.name","scanv.result.pos","scanv.result.mean.lod","scanv.result.mean.asymp.p","scanv.result.var.lod","scanv.result.var.asymp.p","scanv.result.joint.lod","scanv.result.joint.asymp.p"
"lim179",47.02,1.35675487697048,0.507439676847725,62.5464847597194,2.6194095297712e-14,63.1097077089031,6.43453020367306e-13
"AY107629",54.63,1.07341801305712,0.584669232300457,60.4504220219068,7.47063715705623e-14,61.2096702785952,1.61526026139278e-12
"npi415",66.02,1.83856128509686,0.398805821862889,49.5459213749535,1.74276918791103e-11,50.1177540108657,3.41211523539539e-10
"ufg31",71.62,0.656108213237285,0.720324044352532,33.9113218293258,4.32762905325913e-08,34.2088525600986,6.75191268268603e-07
"ufg32",72.82,NA,NA,NA,NA,NA,NA
"gpm495",80.45,1.42519127378071,0.490369722397897,39.6581698843685,2.44533198467394e-09,40.0616804547098,4.20313409145917e-08
"gpm767",80.94,1.45262826901351,0.483688519345734,39.5562201554668,2.57321414918642e-09,39.9591126918025,4.41352131192645e-08
"php20603",90.02,0.446175247789273,0.800044743186832,41.707985973036,8.77457156292853e-10,41.9142572974416,1.73784171499883e-08
"umc1160",106.63,0.488481479953215,0.783299040170097,51.2430081215001,7.45971384707108e-12,51.6345387820795,1.64481447903689e-10
"IDP3917",115.28,0.495139903585045,0.780695607843627,46.6297297042793,7.49001777578137e-11,46.9283070747386,1.57825723871054e-09
"umc2225",123.03,0.699797161872045,0.704759562149441,51.8428037070563,5.52685679479418e-12,52.086481522218,1.32319234950485e-10
"mmp171b",130.13,0.298552216113627,0.861331261562955,51.6791018344139,5.99826462796923e-12,51.7940317331248,1.52325639668424e-10
"umc2226",164.13,0.429067688782623,0.806917501638075,54.5527874269119,1.42564936188131e-12,54.6887340469954,3.77536594022883e-11
"bnlg1127",165.83,NA,NA,NA,NA,NA,NA
"npi403b",182.13,NA,NA,-452.244603823258,1,-452.134612776809,1
"gpm748b",202.7,0.979103642906932,0.61290102172782,45.7681190339141,1.1523362610842e-10,45.9977400308355,2.4655195795876e-09
"umc1073",206.84,NA,NA,NA,NA,NA,NA
"IDP1410",209.61,0.0474676223952597,0.976545620672914,36.7016046353803,1.07237780035142e-08,36.7214737034355,2.05567845296002e-07
"umc11a",217.14,NA,NA,NA,NA,NA,NA
"asg26",256.24,0.897954145130896,0.638280732665732,48.8691725444458,2.44452236159386e-11,49.0963154013143,5.57481112408197e-10
"fad8",259.04,0.394243846582295,0.821090517151355,42.76501209253,5.17244182541566e-10,42.8349855972909,1.11966499383082e-08
"gpm498c",276.24,0.393349665659703,0.821457700965508,28.3576996538297,6.95350482647427e-07,28.5886291027371,9.47519345320365e-06
"gpm28c",294.93,0.190288922672145,0.90924157472756,30.6382460038702,2.22325569091726e-07,30.6822332880831,3.55401638168838e-06
"gpm933",355.89,0.347067112048072,0.840688940510271,39.6433271577797,2.46354718892922e-09,39.7872291270309,4.78990112596668e-08
"IDP99",389.16,NA,NA,NA,NA,NA,NA
"gpm850c",395.95,NA,NA,NA,NA,NA,NA
"bnlg2295",396.56,0.314851334263357,0.854340316814534,27.385637117854,1.13053616109206e-06,27.4488641073204,1.61284801538204e-05
"IDP751",410.97,0.0360586002302123,0.982132255348587,31.4978187745968,1.44655701958749e-07,31.5035168949483,2.41634325370467e-06
"mmp39",423.58,NA,NA,NA,NA,NA,NA
"gpm429c",434.37,1.42382426351058,0.490705007192623,33.2110171513325,6.14213356702718e-08,33.4607169393955,9.61203077310912e-07
"mmp101",439.58,NA,NA,NA,NA,NA,NA
"umc1676",449.18,0.194939803587153,0.907129644120202,25.986005223425,2.2762012755513e-06,26.0037965902382,3.1588880500662e-05
"umc1906",465.39,0.54988710158734,0.759615001678691,25.1168194874555,3.5152154373451e-06,25.7447493239509,3.56245613014196e-05
"umc1903a",466.29,1.00270003469042,0.605712385268245,25.0251767607859,3.6800346856005e-06,25.7279296103802,3.59036429978395e-05
"mmp124",467.79,1.75911246450248,0.414967019808125,25.4034354516409,3.04588905960579e-06,26.235539898975,2.83655361518306e-05
"umc1321",471.59,NA,NA,NA,NA,NA,NA
"AY109499",516.1,NA,NA,NA,NA,NA,NA
"mbd119",527.67,0.418995255797354,0.810991563184971,43.1854206070767,4.19184355489434e-10,43.479229617884,8.2297824228569e-09
"nact15",547.22,0.777051104067671,0.678055895951332,37.8464735831647,6.04982318117796e-09,38.3164317999405,9.64150084909224e-08
"umc1748",552,NA,NA,NA,NA,NA,NA
"gpm894",557.89,1.66897547842528,0.434096795252929,58.4615000017379,2.01951262601872e-13,58.7350094868857,5.34889226543266e-12
"IDP4057",582.07,0.604094894765736,0.739302986065504,40.3493062257177,1.73085018478709e-09,40.6900830904354,3.11571501526549e-08
"umc1925",604.91,NA,NA,NA,NA,NA,NA
"gpm260a",607.21,0.800159237442293,0.670266678135385,52.6808956419636,3.6348698110307e-12,53.1776893695846,7.82248947495216e-11
"umc2237",616.91,NA,NA,NA,NA,NA,NA
"umc2239",629.01,NA,NA,NA,NA,NA,NA
"gpm192",630.33,NA,NA,NA,NA,NA,NA
"IDP716",639.93,NA,NA,NA,NA,NA,NA
"bcd98a",647.91,0.838366768334105,0.65758359379034,71.4856780976896,2.99973046328451e-16,71.5919985460842,1.0466359385345e-14
"umc1358",651.81,NA,NA,68.2262963921604,1.53055160845338e-15,68.3559489734561,5.04620753069307e-14
"AY111834",655.11,NA,NA,NA,NA,NA,NA
"hmga102",682.49,0.103215298253616,0.949701409931766,80.2510563248139,3.74717982911877e-18,80.3818023148297,1.44582156452442e-16
"gpm415a",687.82,NA,NA,NA,NA,NA,NA
"IDP820",717.45,NA,NA,NA,NA,NA,NA
"umc1245",720.33,NA,NA,NA,NA,NA,NA
"cdo98b",743.14,NA,NA,51.1641424984585,7.75974805632234e-12,51.3211911077988,1.91255879627827e-10
"gpm243b",772.83,0.567725518152564,0.752869962185391,64.0286977404647,1.24837465807403e-14,64.6805791016887,3.00441604150133e-13
"AY106137",808.46,NA,NA,NA,NA,NA,NA
"IDP630",808.81,1.2912006539725,0.524347667547197,89.0077543486826,4.70123239261616e-20,89.4240326823798,1.74521286811451e-18
"nfc103a",809.71,1.31488287068751,0.518175425212203,89.2720415119172,4.11929117609241e-20,89.6929212802864,1.53015499645553e-18
"IDP3841",816.54,1.06835283696152,0.586151835228876,90.2042778286902,2.58457981028696e-20,90.4873867390015,1.0374475311666e-18
"csu696",819.95,0.787377974894859,0.674563821434925,91.466871718464,1.37474189483216e-20,91.7094777561118,5.70549669377425e-19
"umc2047",840.75,NA,NA,NA,NA,NA,NA
"nfa103a",890.58,0.371096914589914,0.830648583622258,30.8773324461804,1.97275181384406e-07,31.0542237692391,2.98440635281977e-06
"gpm85",902.62,NA,NA,NA,NA,NA,NA
"hxa102b",911.9,0.37825042199252,0.827682865210202,33.6446676127135,4.94485151634538e-08,33.6999237384635,8.58601875158772e-07
"npi407",915.2,0.269464965235994,0.873949677148111,33.1629956449088,6.29139559624292e-08,33.2360019430758,1.06868695308e-06
"lim99a",924.8,NA,NA,NA,NA,NA,NA
"IDP1420",928.48,NA,NA,NA,NA,NA,NA
"ufg14",993.5,0.523666774160163,0.769639244867499,76.8234632988691,2.07968186285422e-17,76.9291230501334,7.78503308768069e-16
"IDP3913",999.38,0.941841890067639,0.62442694051089,13.4006784390599,0.00123049442412891,13.8324885584706,0.00784932770878731
"npi241a",1024.2,0.000274145304062815,0.999862936741995,86.2328309181831,1.88268944005342e-19,86.2507322136246,8.23341092769503e-18
"mtf1",1034.39,0.680776673354889,0.711493969902813,96.6165259302314,1.04709952822708e-21,96.8965183713725,4.50131478307618e-20
"IDP3868",1051.71,0.0110412991810887,0.994494561191401,69.272804728738,9.06988081561969e-16,69.2867553665179,3.2103404446039e-14
"php15058",1056.3,NA,NA,NA,NA,NA,NA
"AY109916",1136.43,0.509064025759418,0.775279233772651,54.3210410402987,1.60079534406684e-12,54.9533181576966,3.32297915406147e-11
"gpm71",1149.61,NA,NA,NA,NA,NA,NA
"IDP53",1157.21,1.05039943601616,0.591437231904757,60.564299241584,7.05715277939444e-14,61.5672786114252,1.35843524250342e-12
"IDP2371",1157.22,1.05039025654513,0.591439946451456,60.5642992941198,7.0571525940177e-14,61.5672772686528,1.35843612584328e-12
"umc2245",1171.91,1.94219552054747,0.378667124132407,58.7911808282095,1.71260532826293e-13,59.5757360357645,3.56182771036156e-12
"bnlg1017",1206.71,0.676422600490917,0.713044605479066,61.6382967711659,4.12490469935753e-14,62.7918041785804,7.50625036675378e-13
"AY109603",1223.31,NA,NA,NA,NA,NA,NA
"BE640649",1228.81,0.448829950406477,0.798983507222309,53.2383617913282,2.75065817736201e-12,53.6490787216893,6.23273352264106e-11
"umc1961",1233.01,1.42741354376645,0.489825158038183,53.9610801637444,1.91646249104659e-12,54.8906860318849,3.4249177747052e-11
"IDP4006",1287.92,0.275161120389779,0.871464141848098,32.3818426524095,9.29762896587107e-08,32.5490731899602,1.4772873096791e-06
"IDP225",1292.04,0.543414757779309,0.762077228350512,38.2712329174267,4.89223560638993e-09,38.6133330752149,8.3725913751338e-08
"IDP591",1315.17,0.597291265783768,0.741822240264979,37.5866837154272,6.88898651563457e-09,37.979783875382,1.13137132165861e-07
"IDP3802",1316.7,0.465112909634681,0.792505007358408,41.9710514293654,7.69311070907453e-10,42.2974195301503,1.44737305015233e-08
"ufg28b",1357.02,0.37968265432128,0.827090360307934,95.8868773078862,1.50809655934521e-21,96.3706453119212,5.82392517382835e-20
"AI920398",1362.42,NA,NA,91.3895754765021,1.42891315185202e-20,91.8714310996163,5.27078932458923e-19
"bnlg1064",1368.12,NA,NA,NA,NA,NA,NA
"umc1024",1391.12,1.21642017122438,0.544324291524222,104.08851384112,2.49727520205703e-23,104.674910989552,9.93491544551534e-22
"AY103944",1398.22,0.351975033459474,0.83862845209735,102.507922373476,5.50411476782009e-23,103.240959565462,2.00754496198648e-21
"IDP3777",1420.37,0.237813306177839,0.887890678745926,91.769538679987,1.18167452308804e-20,92.1888348764487,4.51251116066024e-19
"prp2",1425.72,0.510461879166337,0.774737559730807,88.1356682045179,7.27081040354178e-20,88.5839524559845,2.63184556937261e-18
"gpm292b",1434.14,NA,NA,NA,NA,NA,NA
"umc2030",1454.52,0.0458175211781017,0.977351652694437,81.9194513138194,1.62711094687273e-18,81.9842318951513,6.6148195511149e-17
"bnlg121",1460.32,NA,NA,NA,NA,NA,NA
"AY112119",1467.84,NA,NA,NA,NA,NA,NA
"mmp89",1472.42,NA,NA,NA,NA,NA,NA
"umc1079",1510.36,NA,NA,NA,NA,NA,NA
"umc1658",1516.36,NA,NA,NA,NA,NA,NA
"gpm89b",1570.22,NA,NA,NA,NA,NA,NA
"IDP1679",1574.85,0.414761249220536,0.812710253585832,81.7904099178312,1.73555407669262e-18,82.2643257000269,5.76955608808025e-17
"gpm409a",1581.07,0.344962182579266,0.84157420174416,39.4378204852793,2.73014738332828e-09,39.6322732066994,5.15657513074203e-08
"nfd101b",1581.78,0.26477910851361,0.875999679199171,39.2882862234698,2.94209739073281e-09,39.4571408806678,5.60479940206364e-08
"IDP204",1667.72,NA,NA,NA,NA,NA,NA
"chc101b",1678.01,2.1764764513952,0.336809353374507,50.0887124618134,1.32853893333915e-11,50.7351919532703,2.53549981788517e-10
"AY109645",1679.9,1.08464348679395,0.581396829902111,45.4352072340772,1.36103754946347e-10,46.080628366135,2.36951154000064e-09
"umc2085",1685.5,0.988769974051509,0.609945916618998,53.6935198028467,2.19078782045165e-12,54.3607836264173,4.42234730695339e-11
"gpm574b",1718.71,2.53973996897406,0.280868136619439,47.6899159846816,4.40825108129011e-11,48.5139433297241,7.37415624504079e-10
"psr144c",1722.2,1.57245222593146,0.455560790219734,43.9386011846254,2.8764311382961e-10,44.2806020292652,5.60994296269747e-09
"gpm383c",1786.85,0.617873383534778,0.734227251184535,44.0485213598453,2.72260801513263e-10,44.1042883802466,6.10361021948939e-09
"gpm442a",1829.98,1.21333482177475,0.54516465488786,81.4868165642684,2.02005227897443e-18,82.0735101279322,6.33275818254344e-17
"bnl17.14",1843.6,0.93540463581341,0.626439975867777,76.6851564986482,2.2285882908413e-17,77.1691217748473,6.92570440573231e-16
"nfa103b",1849.21,NA,NA,NA,NA,NA,NA
"asg30c",1928.01,0.311475523917115,0.855783579957896,131.362719821211,2.9850239976376e-29,133.304589062654,7.6481924909779e-28
"gpm770",1938.67,0.613909787223029,0.735683784197431,38.2963944637661,4.83107304281368e-09,38.6598167599751,8.18960350785583e-08
"gpm336b",1938.92,0.691816072145239,0.707577555725424,38.9212188837479,3.53479884910723e-09,39.2914459697577,6.06458392650042e-08
"asg48a",2022.71,NA,NA,NA,NA,NA,NA
"gpm420c",2031.65,0.549905656406792,0.759607954451777,36.7439963576786,1.04988702706884e-08,36.9101711585805,1.87971200622208e-07
"IDP697",2033.83,0.22314867868928,0.894424897971015,40.4797263307703,1.6215827388176e-09,40.6233616031939,3.21637599772647e-08
"umc1392",2051.11,0.910812476230982,0.634190283345549,38.0242691126941,5.53521982378366e-09,38.189911691719,1.02388952568862e-07
"psr754b",2056.02,0.906271005292295,0.63563199797304,39.1442742579484,3.16175959970182e-09,39.2578635472394,6.16225952215745e-08
"umc1742",2059.02,NA,NA,NA,NA,NA,NA
"IDP2374",2060.23,0.115920692321314,0.943687367522131,39.1935674756874,3.08478542024736e-09,39.2576813369514,6.16279374393135e-08
"ufg44",2084.93,NA,NA,53.7657858600227,2.11304109250918e-12,54.108248461943,4.99505011224088e-11
"umc2263",2097.83,1.4435585180151,0.485886967638405,54.4662069231935,1.48872143509843e-12,54.6836543367776,3.78462785047454e-11
"gpm462",2102.66,NA,NA,NA,NA,NA,NA
"umc1920",2128.43,0.718340202107205,0.698255567241537,46.7521392062045,7.04534010193213e-11,46.9552922359404,1.5579642742807e-09
"umc2264",2131.13,NA,NA,NA,NA,NA,NA
"gpm332",2165.42,NA,NA,NA,NA,NA,NA
"bnlg1601",2176.13,0.140165623699727,0.932316609845918,49.6274598077659,1.67314672359291e-11,49.6717098357144,4.22812767368706e-10
"umc1102",2182.85,1.28816097270787,0.525145198344131,47.5305591145324,4.77386603270623e-11,47.8002548699264,1.03874299482165e-09
"psr119a",2197.99,0.645207977519873,0.724260612927816,61.1697663891097,5.2137955727161e-14,61.2173991689638,1.60922696456589e-12
"cdo105",2200.69,0.805984187026945,0.668317383345059,61.38012513942,4.69326607902834e-14,61.4772690932079,1.41895582063898e-12
"AY111507",2201.39,0.0759221164742334,0.962750431360236,54.3050233939024,1.61366730678887e-12,54.3842112618098,4.37266380000259e-11
"umc26a",2214.29,0.060167428653634,0.970364296754344,50.1308808284313,1.30082100666843e-11,50.1812574779579,3.30950419675395e-10
"IDP3796",2214.3,0.0591876029478595,0.970839807165127,49.940736336362,1.43056268766518e-11,49.9913631011489,3.62589012317172e-10
"gpm789a",2221.06,NA,NA,NA,NA,NA,NA
"gpm325b",2268.6,NA,NA,NA,NA,NA,NA
"IDP249",2286.76,0.453359278694466,0.797176125250893,60.1480415266632,8.68997913800939e-14,60.48093081391,2.29853032973452e-12
"IDP522",2296.32,0.46022782512978,0.794443100297549,37.5586612876691,6.98618895099169e-09,37.8441729136747,1.20663824448925e-07
"gpm274",2306.41,NA,NA,NA,NA,NA,NA
"lim331a",2338.21,0.925093580886674,0.629677943912153,88.5236343352514,5.98876187594277e-20,88.9235282623794,2.22919195235902e-18
"gpm211",2361.52,NA,NA,NA,NA,NA,NA
"lim424",2373.11,0.28676176389628,0.866424000779654,30.2381983182162,2.71555537872687e-07,30.3092797332591,4.2337071243306e-06
"lim269",2374.81,NA,NA,NA,NA,NA,NA
"AY111125",2377.31,NA,NA,NA,NA,NA,NA
"asg7b",2387.11,NA,NA,NA,NA,NA,NA
"umc1135",2410.31,NA,NA,NA,NA,NA,NA
"umc2272",2414.31,NA,NA,NA,NA,NA,NA
"bnlg1605",2414.72,NA,NA,NA,NA,NA,NA
"gpm823",2415.77,NA,NA,NA,NA,NA,NA
"cdo118",2481.92,NA,NA,NA,NA,NA,NA
"IDP472",2483.69,0.328629924463873,0.848474742292354,71.7031160922147,2.69070554012328e-16,72.1169113100569,8.10772481755682e-15
"gpm850b",2489.07,0.132147006937394,0.936062057954722,32.2278600062532,1.00417433620268e-07,32.312889464228,1.65109666898467e-06
"IDP3813",2494.1,0.0781758650815561,0.961666143680999,37.3085483927845,7.91683607518391e-09,37.3523342209552,1.5239972495263e-07
"sdg115",2495.73,0.547207038463548,0.760633592075048,34.6295275693708,3.02199424435393e-08,34.7769985805525,5.16198807584842e-07
"csu303",2569.34,NA,NA,NA,NA,NA,NA
"jpsb107c",2598.24,0.720786069807098,0.697402168803722,115.167311052874,9.81151691819069e-26,116.747366034478,2.64378154581595e-24
"IDP284",2614.13,0.798964828115255,0.670667084071615,53.5959045966642,2.30036732705036e-12,54.2427591854305,4.68135012637136e-11
"umc2008",2617.14,0.57890595197176,0.748672997692764,55.9372964148988,7.13461294063334e-13,56.5905304979895,1.50771714340726e-11
"IDP624",2627.14,0.94412064714032,0.623715887013829,53.6455149979961,2.24400814409674e-12,54.5763440053304,3.9856794002849e-11
"gpm660c",2659.88,NA,NA,NA,NA,NA,NA
"IDP253",2666.41,0.481782047744578,0.785927269032201,71.8300338381605,2.52526136642163e-16,72.3672629391104,7.17794819523443e-15
"gpm34a",2677.11,NA,NA,NA,NA,NA,NA
"umc255b",2700.06,0.218792120720012,0.896375328449243,41.2698030847471,1.09238599984262e-09,41.4597073713496,2.15871711980579e-08
"umc2278",2760,0.989659087279158,0.609674821390743,73.5487586886815,1.06927638453876e-16,73.8995800905399,3.40501832392615e-15
"bnlg1434",2764.3,0.252926781550953,0.881206409236298,68.7497298269296,1.17811002588094e-15,68.9166093155351,3.84296472941486e-14
"bx4",2797.5,NA,NA,NA,NA,NA,NA
"cyp5",2806.6,NA,NA,NA,NA,NA,NA
"chr117c",2894.1,1.40907544621602,0.494337042035773,67.9834613366562,1.72814007079157e-15,68.1766294253732,5.50548435082364e-14
"umc87a",2894.11,1.41806799055167,0.492119357544813,67.9870901864039,1.72500733337946e-15,68.1827707493405,5.48908511916641e-14
"gpm147",2905.29,NA,NA,NA,NA,NA,NA
"umc2281",2918.61,NA,NA,NA,NA,NA,NA
"umc1902",2941.41,NA,NA,NA,NA,NA,NA
"gpm817",2963.8,NA,NA,NA,NA,NA,NA
"umc1117",2978.51,2.11858668872499,0.34670072180542,51.5042277339191,6.54634742435732e-12,52.6897380596863,9.89565627080126e-11
"jpsb527b",2990.41,3.01023542882523,0.221991160734767,54.1019764384794,1.78609718646701e-12,55.2819383501988,2.83574596419373e-11
"zp1",2992.21,NA,NA,NA,NA,NA,NA
"gpc1",3014.03,1.12792815800686,0.568949228035332,50.4175437959156,1.12711821713855e-11,51.2730935742012,1.95734380970818e-10
"gpm155",3027.44,NA,NA,NA,NA,NA,NA
"gpm130",3043.91,NA,NA,-233.515812620853,1,-233.503608366723,1
"isu61d",3051.33,0.530338638440768,0.767076058259424,59.5360188018563,1.18009720003303e-13,59.5667657835038,3.57731762232063e-12
"IDP2574",3055.01,0.767389404198567,0.681339406920651,60.5715471356237,7.03162431644811e-14,60.7040525509319,2.06323211159346e-12
"IDP161",3055.08,NA,NA,NA,NA,NA,NA
"umc1511",3055.25,0.333427005979053,0.846442079727676,58.8689067460679,1.64732512467586e-13,58.9333446510849,4.85972652580174e-12
"psr128",3057.45,0.319197377859142,0.852485832330625,63.767643237234,1.42243427672846e-14,63.7909663045553,4.62491695342415e-13
"gpm684",3058.93,0.155203653179088,0.925332796116424,44.343025493809,2.34981871596048e-10,44.4847939547716,5.08780717023917e-09
"IDP2356",3089.68,0.566612042110273,0.753289230218716,64.2588365045525,1.11268170230954e-14,64.3015356905895,3.61070932782505e-13
"mmp74",3095.26,NA,NA,NA,NA,NA,NA
"gpm936a",3109.13,0.955836512277798,0.620072882061912,59.670205897776,1.10351800189539e-13,60.5419798172361,2.23160718153546e-12
"AY110310",3122.46,1.4053376311877,0.495261776100221,40.9113636595607,1.30680340607574e-09,41.9461624041556,1.71158127307828e-08
"gpm903b",3149.47,NA,NA,NA,NA,NA,NA
"umc19",3174.27,0.323330290415241,0.850726026537554,82.1447999458629,1.45372859530345e-18,82.4160280206649,5.35774232880051e-17
"bnlg1189",3188.07,0.31386112812471,0.854763408055879,62.0882726876985,3.29384296661466e-14,62.2929686755494,9.55844411168569e-13
"umc1808",3212.97,0.208141361602538,0.901161600346166,35.611019313425,1.84997307927265e-08,35.7783894626789,3.21391869822413e-07
"mmp3",3215.97,NA,NA,NA,NA,NA,NA
"asg27a",3218.17,NA,NA,NA,NA,NA,NA
"bnlg1444",3222.57,NA,NA,NA,NA,NA,NA
"bnl7.65",3224.87,0.316535765166047,0.853621081117229,44.7783215986576,1.89021415204246e-10,44.8437483513009,4.28474928681468e-09
"bnlg2244",3227.17,1.01582834508418,0.601749416168512,117.692128237734,2.77638104973215e-26,118.561829058133,1.08344225726329e-24
"umc158",3233.97,0.916891884643096,0.632265459403622,75.0958661752142,4.93332643254066e-17,75.5576762195327,1.51863662245945e-15
"IDP188",3248.52,0.820724644865024,0.66340983831928,47.2808320557736,5.40876072280742e-11,47.8738463711519,1.0026958426162e-09
"IDP276",3266.07,0.789244895817859,0.673934436577498,50.4522824609858,1.10770996812735e-11,50.9860957174446,2.24720096186941e-10
"npi270",3276.67,0.652645638980144,0.721572212255665,50.3743391703159,1.15173147188074e-11,51.1168352660323,2.11019432981944e-10
"AY105971",3296.38,1.17084410883961,0.556870782432532,61.0900721316201,5.42574510265324e-14,62.2356159892728,9.82773859956494e-13
"IDP113",3328.76,0.048520886404951,0.976031475889307,53.5840952995161,2.31399036776141e-12,53.6264152691869,6.30119558623593e-11
"php10025",3339.89,NA,NA,NA,NA,NA,NA
"IDP210",3348.31,0.101224594754769,0.950647167494211,37.5254227417563,7.10326449260583e-09,37.5773251483742,1.36963222269347e-07
"AY110231",3395.31,NA,NA,NA,NA,NA,NA
"AY107910",3411.82,0.911473549433685,0.633980694884919,45.1232780042573,1.59076006101822e-10,45.7804224379581,2.7360722883162e-09
"IDP4019",3427.21,NA,NA,64.7875280857528,8.5421467495318e-15,65.2380515078146,2.29256804070607e-13
"umc2011",3442.84,0.65053355054646,0.722334626918393,61.94392342207,3.54036415635418e-14,62.552056025462,8.43089541535019e-13
"gpm350b",3445.42,0.600414578215403,0.740664673048709,58.3574796602812,2.12732724830513e-13,58.9117904544129,4.91064583441205e-12
"gpm665b",3446.67,0.563466317739902,0.754474982631548,53.5470158746402,2.35729123631198e-12,54.0227130963609,5.20536327815751e-11
"IDP688",3453.43,1.15573810645634,0.561092752316448,54.7064832126404,1.32019507478636e-12,55.7746880774537,2.23556850612004e-11
"IDP3816",3454.7,NA,NA,NA,NA,NA,NA
"umc1180",3459.01,1.12899873260476,0.568644758236497,64.0076989950488,1.26155085876763e-14,64.8436485441997,2.77594448636918e-13
"hon106b",3482.06,NA,NA,NA,NA,NA,NA
"AY111822",3484.57,NA,NA,NA,NA,NA,NA
"cat3",3491.71,1.79108186611497,0.40838662905347,49.9723757223841,1.40810969311399e-11,50.9974380112917,2.23497114330397e-10
"IDP342",3500.81,0.467697292071559,0.791481600708277,56.6065304211109,5.10561542825456e-13,57.1340679619604,1.15958486467104e-11
"bnlg1890",3510.31,NA,NA,NA,NA,NA,NA
"AY109758",3532.1,NA,NA,NA,NA,NA,NA
"umc1423",3545,NA,NA,NA,NA,NA,NA
"umc2022",3554.4,NA,NA,59.9050832941691,9.8124271103082e-14,60.1951436764567,2.63947231869134e-12
"IDP440",3557.7,0.0197568570084342,0.990170202904937,56.427608280497,5.58342322053733e-13,56.4365593943319,1.62409519267713e-11
"sca1",3583.5,NA,NA,NA,NA,NA,NA
"IDP265",3615.82,0.135065421353353,0.934697145539846,51.3922326014259,6.92338502310309e-12,51.4984913365301,1.75612826308167e-10
"gpm921a",3625.56,NA,NA,NA,NA,NA,NA
"gpm160",3634.38,NA,NA,NA,NA,NA,NA
"gpm394b",3653.57,NA,NA,NA,NA,NA,NA
"bcd808d",3667.01,1.67795797697597,0.43215152994141,59.312963571959,1.31933051580878e-13,59.6485925582841,3.438474989299e-12
"mmp130",3694.61,0.340964674439955,0.843257983777347,49.2064613086768,2.06515517443809e-11,49.3818963611604,4.86001472794049e-10
"IDP222",3700.26,0.00328099171251301,0.998360849021548,44.7901187607922,1.87909738942719e-10,44.7964121299247,4.38293735020398e-09
"IDP322",3726.41,0.0228951078531598,0.988617720005823,51.2886749621621,7.29131296576984e-12,51.2917026256483,1.93989351529401e-10
"cdo795b",3729.51,NA,NA,NA,NA,NA,NA
"umc1705",3755.81,NA,NA,NA,NA,NA,NA
"IDP2438",3759.89,0.256715672199522,0.87953859216752,47.4360856741988,5.00477864909988e-11,47.6121728999379,1.13685813017e-09
"hag101",3761.03,1.34116816706427,0.511409784501619,63.1637015392844,1.92387336654701e-14,63.6233840148012,5.01633264056672e-13
"IDP1660",3765.06,NA,NA,NA,NA,NA,NA
"lim175",3769.01,0.648994910412729,0.72289054725479,53.839628026196,2.03644797771038e-12,54.2852354909019,4.58643645290344e-11
"IDP1604",3785.56,0.325112073249505,0.849968459527261,50.6723779694557,9.92277014895525e-12,50.9010731997895,2.34102946627305e-10
"gpm868",3795.5,NA,NA,NA,NA,NA,NA
"umc1355",3796.22,1.29438971053569,0.523512246590082,47.8544323108509,4.06014979197855e-11,48.2744049315625,8.27300151156524e-10
"isu61c",3803.92,0.177558716674125,0.915047448893371,57.3140937908571,3.58428608049581e-13,57.4167038289255,1.01157884582e-11
"gtc102",3806.34,NA,NA,NA,NA,NA,NA
"IDP1607b",3822.45,0.0611214244389718,0.969901545404154,62.770382302982,2.34198802128639e-14,62.8313436541991,7.36380207802672e-13
"BE639933",3835.16,NA,NA,NA,NA,NA,NA
"php20589",3838.76,0.647924066442138,0.723277702383187,55.7366737427157,7.88742199062427e-13,55.8469790663343,2.15890368880348e-11
"IDP3949",3839.34,NA,NA,NA,NA,NA,NA
"gpm254",3840.06,NA,NA,NA,NA,NA,NA
"gpm321a",3841.69,NA,NA,NA,NA,NA,NA
"gpm570",3895.6,NA,NA,NA,NA,NA,NA
"mmc0081",3904.96,0.295678474752325,0.862569772776163,45.1797963755945,1.54643571178515e-10,45.2444038208451,3.53690112458938e-09
"gpm590",3905.08,0.25102926510375,0.882042857794732,44.4095892103366,2.27289948993894e-10,44.4890238373762,5.07752011429135e-09
"umc1822",3911.66,NA,NA,NA,NA,NA,NA
"IDP1625",3936.39,0.585760087843227,0.746111635955252,45.4555902629481,1.34723695953852e-10,45.8805916761715,2.6078680706946e-09
"IDP335",3981.37,0.322490289295172,0.851083406989878,35.5034387150733,1.95220867687866e-08,35.6767915853284,3.37230664564263e-07
"gpm839b",3983.31,1.62862714738095,0.442943270946784,34.6717283369479,2.95889703468799e-08,35.174131946106,4.27804290121463e-07
"gpm41",3983.66,NA,NA,NA,NA,NA,NA
"umc2305",3994.77,1.19002983601839,0.551554337713774,30.1804385517287,2.79512373315969e-07,30.6235735662132,3.6532301062949e-06
"sdg117b",4020.2,2.56048188812548,0.277970317086376,41.5249113442688,9.61568152348114e-10,42.7380052516552,1.17275338815144e-08
"mmp169",4031.38,1.2690814795235,0.530178922511734,47.0954076740765,5.93419976570223e-11,47.7838609800623,1.0469477447674e-09
"gln4",4043.78,1.30438157702572,0.520903336749262,28.5524277142162,6.30839820348757e-07,28.8815165494966,8.26279524495461e-06
"npi442",4045.08,1.32876023858501,0.51459241477059,29.1017850392635,4.79322341244428e-07,29.4154020537806,6.43634372571281e-06
"gpm180a",4092.12,1.10913189158475,0.574321493763199,35.8140879908832,1.67135846610169e-08,36.1337382025282,2.71605042805507e-07
"gpm880a",4093.38,0.527749206253867,0.768069847175382,30.8510672665567,1.9988300165889e-07,30.9713880900042,3.10281415057721e-06
"gpm560",4108.7,NA,NA,NA,NA,NA,NA
"umc1792",4140.88,NA,NA,NA,NA,NA,NA
"IDP4002",4146.23,NA,NA,NA,NA,NA,NA
"IDP141",4167.03,0.21189871487083,0.899470198400137,87.5486187486682,9.7512207816561e-20,87.8432071069408,3.78046473423883e-18
"gpm855",4187.17,NA,NA,NA,NA,NA,NA
"IDP447",4237.44,0.0088355936597006,0.995591947280117,43.1066020046305,4.36033952757161e-10,43.1133377716964,9.80240448365467e-09
"IDP360",4268.11,0.208545735123319,0.900979415819874,39.4289757922056,2.74224777750136e-09,39.556065332365,5.34704667204273e-08
"gpm537",4273.75,NA,NA,NA,NA,NA,NA
"mmp163",4276.83,0.890682003801471,0.640605790990179,24.6129187210173,4.52243785751564e-06,24.8629102566257,5.36056666413692e-05
"bnlg1867",4283.33,NA,NA,NA,NA,NA,NA
"umc1229",4285.73,1.43493995391075,0.487985309553845,39.2111502025987,3.05778481042448e-09,39.759203050519,4.8542368333184e-08
"gpm116b",4288.52,NA,NA,NA,NA,NA,NA
"umc2314",4304.34,1.08220355865765,0.582106545969954,40.0905781456684,1.96988814925912e-09,40.6124997662211,3.2330672907989e-08
"IDP778",4306.94,0.320417079488518,0.851966101646467,45.452584354133,1.34926331764535e-10,45.7393816954647,2.7903986696771e-09
"umc1006",4330.04,0.17665323761317,0.915461820839949,35.0860967836799,2.40519829694859e-08,35.1956272890039,4.23475736757193e-07
"sdg102c",4344.28,0.962528022134731,0.618001736864917,75.8006042213244,3.46823032209968e-17,76.3542179569632,1.03020729371579e-15
"gpm99a",4349.98,0.228071983012732,0.892225842752412,75.8522969246737,3.37973775282055e-17,76.3012519771565,1.05713965080991e-15
"psr129b",4352.96,NA,NA,NA,NA,NA,NA
"bnlg2191",4353.76,0.597643835567181,0.741691479737579,91.3762489129298,1.43846619479357e-20,92.5856597967706,3.71599161591561e-19
"gpm246a",4356.16,NA,NA,NA,NA,NA,NA
"sbp3",4358.76,NA,NA,131.442392197512,2.86844938006037e-29,133.849636023397,5.84721844213123e-28
"IDP587",4359.42,1.41451064503869,0.492995455754054,85.6364179942797,2.5368109729649e-19,86.6941283870644,6.62939793326765e-18
"gpm809a",4362.33,0.598398204772597,0.741411777884395,85.5396333136066,2.66259206830721e-19,86.5027725933628,7.27928087856922e-18
"gpm661b",4362.89,0.596968158796792,0.741942093920568,85.5513686097399,2.64701466116997e-19,86.5141103127158,7.23905964620793e-18
"IDP1474",4369.19,0.551926795597337,0.758840705493211,91.463952969752,1.37674962255639e-20,92.749238322812,3.43008221418856e-19
"gpm138a",4372.15,NA,NA,NA,NA,NA,NA
"AY111964",4376.27,0.628262892093585,0.730423010631767,91.9546542297964,1.07721040906339e-20,93.2621194011045,2.66856834837175e-19
"gpm486a",4376.84,NA,NA,NA,NA,NA,NA
"gpm390a",4397.34,NA,NA,NA,NA,NA,NA
"npi223a",4401.37,NA,NA,NA,NA,NA,NA
"umc1105",4404.07,0.986278404263362,0.610706251536666,87.9753092275319,7.87778872721178e-20,89.9036253565,1.38031577104896e-18
"gpm581a",4410.48,0.738212703695596,0.691351879990412,82.0088065109042,1.55601554869481e-18,83.1293266127611,3.78220693204877e-17
"IDP344",4412.26,0.686172227496341,0.709577104585079,81.7992928314,1.72786278118584e-18,82.6976674574258,4.66950809908538e-17
"gpm74",4440.34,NA,NA,NA,NA,NA,NA
"IDP202",4444.68,0.572933888374183,0.75091190012412,62.8332439156758,2.26952224385149e-14,63.4222267932924,5.53010991609643e-13
"csu481",4466.18,2.72933315514473,0.255465839830015,52.14903711096,4.74220662674461e-12,52.7379214264185,9.66861294612979e-11
"gpm242",4474.73,NA,NA,NA,NA,NA,NA
"gpm858a",4476.16,NA,NA,NA,NA,NA,NA
"umc1114",4486.79,NA,NA,NA,NA,NA,NA
"gpm712a",4500.67,1.52076501402948,0.467487575529172,49.7892789937017,1.54310485458266e-11,50.3444038781503,3.05979170592187e-10
"npi616a",4513.41,NA,NA,NA,NA,NA,NA
"AY110260",4515.81,0.290427118451917,0.864837579343754,54.2380376819166,1.66862890621649e-12,54.546367796646,4.04372345424090e-11
"AW036917",4553,0.368843426383125,0.831585039489837,59.9464438727078,9.61158715124834e-14,60.0422487792694,2.84216228555734e-12
"gpm490a",4575.63,NA,NA,NA,NA,NA,NA
"lim379",4625.51,0.622867162063346,0.73239625389352,65.1644969823036,7.07472026165457e-15,65.1835836298766,2.35395322895483e-13
"IDP2001",4638.26,0.31945687462726,0.852375230846784,79.1302651372387,6.56268032262438e-18,79.6450001137631,2.07113099488734e-16
"hdt103",4651.34,NA,NA,NA,NA,NA,NA
"mmp50",4653.63,0.46338793479678,0.793188827807586,76.2800147919779,2.72901076096928e-17,76.9484091714518,7.71220633721238e-16
"AY110400",4677.43,0.80221306179903,0.66957872641431,62.2120898784115,3.09610962196127e-14,62.6949339812734,7.86698537278394e-13
"gpm378",4715.19,0.530081664441089,0.767174623892865,49.3176317768307,1.95349511431465e-11,49.6644433963711,4.2429205771384e-10
"gpm881",4726.95,NA,NA,NA,NA,NA,NA
"gpm407",4736.74,NA,NA,NA,NA,NA,NA
"gpm838b",4741.53,NA,NA,-1557131705686320128,1,-1557131705686320128,1
"agp2",4741.54,0.0442224023598192,0.978131459630927,58.166190686921,2.34084240205274e-13,58.2412235800596,6.79114148684167e-12
"chr118",4746.88,0.459991326023952,0.794537048393525,56.0196119229068,6.84692911563742e-13,56.3432980747297,1.69890563527564e-11
"gpm717c",4747.84,NA,NA,NA,NA,NA,NA
"csu582",4757.7,NA,NA,NA,NA,NA,NA
"IDP1417",4763.42,2.29732945497725,0.317059848153164,51.1849018463003,7.67962096770608e-12,52.9656552243476,8.66394160672317e-11
"gpm837",4778.87,0.492228249353939,0.781832993395999,94.0523571064808,3.77389792482574e-21,94.1817882924832,1.70116867192344e-19
"IDP1462",4793.33,0.208145575664663,0.901159701572682,74.7052151972257,5.9974776087007e-17,74.9791595164896,2.01291553435591e-15
"IDP1692",4823.42,0.248032519328567,0.883365477539875,114.256861352329,1.54681294357681e-25,114.552284808074,7.77639307945867e-24
"AY104465",4824.1,0.562627068746327,0.754791645251523,70.3349926740615,5.33273985863471e-16,71.0179614271673,1.38371078586057e-14
"gpm25b",4851.78,0.206418652783817,0.901938154260227,45.2007934064884,1.53028535828423e-10,45.366792594729,3.33557061617009e-09
"gpm913a",4869.63,NA,NA,NA,NA,NA,NA
"his1a",4880.23,0.434994309208309,0.804529894122589,57.0638803494393,4.06196169976437e-13,57.4662838682076,9.87633503955266e-12
"gpm365b",4897.86,NA,NA,NA,NA,NA,NA
"gta101a",4903.53,NA,NA,NA,NA,NA,NA
"umc1401",4908.03,1.13236051268527,0.567689731798008,55.2578140666482,1.00211631885269e-12,56.004953231769,2.00038694418238e-11
"gpm831",4920.48,NA,NA,NA,NA,NA,NA
"IDP353",4925.51,NA,NA,NA,NA,NA,NA
"gpm754b",4927.28,0.0429368890043028,0.978760362252358,63.115898811289,1.9704104992018e-14,63.153146055003,6.30048486210682e-13
"gpm231",4929.13,0.0418259974963871,0.979304161551238,66.7767006177832,3.15953885825872e-15,66.8135379638591,1.06725565440125e-13
"IDP767",4933.02,0.0301327177454029,0.985046570854188,71.5280956537974,2.93677975907312e-16,71.571608603931,1.05706797907381e-14
"AY110473",4933.03,0.0302399427575493,0.984993761454561,71.5284607566079,2.93624369473226e-16,71.5719669159008,1.05688376324298e-14
"bnlg1094",4935.53,0.0302481242146207,0.984989732120715,71.5207199459059,2.94763016896144e-16,71.564251274313,1.06085764024591e-14
"psr371b",4937.63,0.45845984901966,0.795145689002896,73.2393525916008,1.24817837959894e-16,73.30713569628,4.54322112823959e-15
"AY106170",4937.93,0.0402013943413624,0.980099975043049,70.9774633486532,3.8675831912569e-16,71.0225083777639,1.38065449715797e-14
"mmp26",4939.44,NA,NA,NA,NA,NA,NA
"vef101a",4942.68,1.10287234376758,0.576121806005082,74.0298520191615,8.40662908432149e-17,74.4407291974291,2.61635015107513e-15
"hag102",4947.76,1.03990755473711,0.594548028909486,73.7752398314532,9.54795184665112e-17,74.4668859428299,2.58323897071125e-15
"IDP311",4968.61,0.00537785332808421,0.997314685261134,66.0949332061465,4.44291099819855e-15,66.1004942380219,1.50862159059924e-13
"umc2142",5001.34,0.532401353769116,0.766285336316393,59.3968213735467,1.26515611059357e-13,59.4779312114836,3.73439788946798e-12
"IDP872",5005.01,NA,NA,NA,NA,NA,NA
"IDP754",5011.4,NA,NA,NA,NA,NA,NA
"umc1713",5053.46,NA,NA,NA,NA,NA,NA
"bnl5.46c",5065.66,0.00491332139834674,0.997546354422173,60.2951237446017,8.07384180916174e-14,60.3075281867437,2.49975342787074e-12
"mmp177c",5069.76,0.145246962636726,0.929950908006077,65.4511685484075,6.12998388277283e-15,65.4532018793201,2.06533437995288e-13
"IDP96",5074.07,0.00355502500651838,0.998224066336483,63.2341228099801,1.85731128631784e-14,63.2362930815025,6.05163476134901e-13
"bnlg1070",5077.77,NA,NA,NA,NA,NA,NA
"gpm878a",5108.11,NA,NA,NA,NA,NA,NA
"gpm915",5120.29,NA,NA,NA,NA,NA,NA
"gpm690",5120.58,NA,NA,NA,NA,NA,NA
"bnlg155",5131.99,0.443299338921893,0.801195998600489,64.0766594761771,1.21879365701404e-14,64.3049459752548,3.60474320457835e-13
"umc1324",5142.59,NA,NA,45.2682510062893,1.47953141594432e-10,45.3244911850723,3.40382911897137e-09
"IDP2355",5144.96,0.0445552818362307,0.977968673234294,63.7056658782017,1.46720372712666e-14,63.7557586947888,4.70453498014688e-13
"IDP3815",5145.38,0.0446948407502809,0.977900433492181,63.7004086656403,1.47106550137721e-14,63.7503052540647,4.71698920149108e-13
"gpm392",5148.19,NA,NA,NA,NA,NA,NA
"umc1251",5167.19,0.474289269307703,0.788877180787904,76.2374049227727,2.78777592800512e-17,76.8133914151766,8.23671437906715e-16
"AY110439",5228.09,1.05014721092942,0.591511824261735,85.0446089970287,3.41034093887556e-19,85.6445330024144,1.10718652504296e-17
"gpm151a",5262.96,0.298961308195435,0.861155097680922,79.544858183245,5.33400616883069e-18,79.8505353325722,1.87356210008451e-16
"npi433",5291.79,NA,NA,NA,NA,NA,NA
"mmp25",5298.49,1.60839707670035,0.447446394016366,40.6382709144967,1.49799924291551e-09,40.9641295578117,2.73418760644371e-08
"IDP3835",5307.37,NA,NA,NA,NA,NA,NA
"ufg39",5357.99,0.276135827438202,0.871039534202765,4.38269787027874,0.111765881959979,4.44671946587564,0.348912005426974
"gpm424a",5358.33,NA,NA,NA,NA,NA,NA
"phi116",5366.59,1.17748344388582,0.555025221600572,69.131429898738,9.73421052070581e-16,69.6710056597068,2.66346411182765e-14
"AY109703",5373.49,NA,NA,65.5333443769857,5.8832198549686e-15,65.8510122757701,1.70278849080343e-13
"npi220a",5400,NA,NA,NA,NA,NA,NA
"IDP1958",5403.09,NA,NA,50.5010879536678,1.08100595356286e-11,50.8643825953554,2.38271898654505e-10
"gpm910",5422.22,NA,NA,NA,NA,NA,NA
"umc2042",5430.3,NA,NA,NA,NA,NA,NA
"umc1592",5433.8,0.701010969368815,0.704331970696015,61.2527050011848,5.00200484628406e-14,61.4281596789637,1.45310408663185e-12
"AY109699",5449.4,0.504445241414295,0.777071726554418,46.466501106889,8.1269481313672e-11,46.6715699669176,1.78501845415003e-09
"IDP235",5483.1,NA,NA,NA,NA,NA,NA
"csu332",5485.15,NA,NA,NA,NA,NA,NA
"mmp85",5499.6,0.106852876165726,0.94797567334688,53.6936386916069,2.1906575942984e-12,53.699992007855,6.08163054577579e-11
"gpm850a",5502.57,NA,NA,NA,NA,NA,NA
"gpm11",5512.51,NA,NA,NA,NA,NA,NA
"mmp57",5516.41,0.137447380572623,0.933584602937607,50.525093328551,1.06810853366763e-11,50.543431098176,2.78049310233137e-10
"gpm152",5533.9,NA,NA,63.1191447432107,1.96721518367825e-14,63.3607624402864,5.69734298936741e-13
"IDP551",5536.27,0.242763904975013,0.885695601340496,61.3140423505977,4.85092848395491e-14,61.5043837285919,1.40044635342742e-12
"mmp120",5591.03,NA,NA,NA,NA,NA,NA
"umc2147",5597.13,0.525296787551493,0.769012239271272,22.871453493756,1.08025672161977e-05,23.1029547796128,0.000120768023835305
"AW244963",5602.03,NA,NA,NA,NA,NA,NA
"IDP378",5604.06,0.538352116854583,0.764008733630599,43.1880680214902,4.18629845222709e-10,43.5429500003452,7.98288195076223e-09
"umc1157",5606.03,0.337862083220376,0.844567141368169,70.6910114000809,4.46315443236707e-16,71.4924720076942,1.09854996528435e-14
"IDP4075",5615.43,0.139736369146763,0.932516731895766,80.1624895737281,3.91684658330021e-18,80.3787269110246,1.4479924601354e-16
"umc1984",5634.83,1.52134577365028,0.467351846283098,82.8638263708364,1.01472586114797e-18,83.6817598212417,2.88798623605454e-17
"gpm339c",5640.98,0.203470023230842,0.903268875718647,69.7053740680865,7.30584310890272e-16,69.9253714050814,2.35369749085678e-14
"gpm33b",5641.1,0.201802055380971,0.904022501653167,69.5300685289336,7.97512420973411e-16,69.7485694452192,2.56492006691829e-14
"AY110032",5654.83,0.307497348716959,0.857487502528977,44.1570563893463,2.57879628862721e-10,44.3477036936649,5.43271254769406e-09
"mbd101a",5702.75,NA,NA,NA,NA,NA,NA
"IDP1485",5710.69,0.223565939065759,0.894238313400449,54.9399821698686,1.17472024630114e-12,55.130472020955,3.05075916689267e-11
"chr117b",5757.64,0.390063515981172,0.822808526895633,43.0136310183582,4.56781704798986e-10,43.2293770673191,9.27364896345999e-09
"csu292",5758.45,1.12553497561489,0.5696304351545,40.8249516290433,1.36450267613986e-09,41.1474481012166,2.50536088088055e-08
"ufg74",5763.45,NA,NA,NA,NA,NA,NA
"nfa102b",5775.86,NA,NA,NA,NA,NA,NA
"hdt102",5775.87,NA,NA,NA,NA,NA,NA
"hda103",5779.28,1.26606490982618,0.530979186709109,82.264579623618,1.36922085911297e-18,82.9129318488158,4.20367808358651e-17
"gpm204b",5787.49,NA,NA,82.6860794993253,1.10903683700266e-18,83.1433001121164,3.75649020347068e-17
"gpm328a",5811.35,1.74275114855521,0.41837564646227,26.4746442211091,1.78280585707712e-06,26.6769833680011,2.3103093381387e-05
"umc1149",5813.99,0.37245307610626,0.83008552772116,70.1729884726923,5.78268004923923e-16,70.4417266518078,1.83118493686853e-14
"AY109883",5815.79,NA,NA,NA,NA,NA,NA
"bnlg1823",5883.49,2.53669599085139,0.28129594032475,63.8200599359793,1.38563890140595e-14,64.0660605620295,4.0474372635367e-13
"gpm408e",5890.02,0.989627288610017,0.609684514891768,54.2086512593307,1.69332742926756e-12,54.439285219271,4.25805164447478e-11
"IDP1495",5892.94,0.240537829217514,0.8866819629209,49.9456427552955,1.42705751895147e-11,50.1298362878375,3.39235056722934e-10
"umc1268",5894.79,0.868559127097729,0.647731148152538,58.4984472825785,1.98254736864952e-13,58.9462211908605,4.82955917524637e-12
"bnlg1828",5906.89,NA,NA,NA,NA,NA,NA
"IDP115",5911,0.288784369264896,0.865548226772858,47.3189019541726,5.30677892561164e-11,47.575030038382,1.15730140224013e-09
"mmp64",5915.09,0.46773081323769,0.791468335126333,45.8399522597989,1.11168268516675e-10,46.2371749951398,2.19824903009516e-09
"IDP698",5957.01,0.37759878604518,0.827952583101268,70.1979270437688,5.71102185225579e-16,70.6993331052508,1.61560545310966e-14
"IDP848",5960.53,0.52956049567754,0.767374563667404,71.0556270777933,3.71934638171792e-16,71.6794999203137,1.00302332700264e-14
"AY110127",5996.49,NA,NA,NA,NA,NA,NA
"IDP1628",6021.13,NA,NA,NA,NA,NA,NA
"IDP1637",6045,NA,NA,NA,NA,NA,NA
"gpm522d",6069.1,0.980193738836325,0.612567052296314,43.6810950974357,3.27167923696507e-10,44.0971679498789,6.12443309852876e-09
"umc1867",6069.3,1.21365552580989,0.545077243644011,123.143611171028,1.8184635210386e-27,124.528140883781,5.75724773311603e-26
"c1",6109.7,NA,NA,NA,NA,NA,NA
"umc1588",6127.31,NA,NA,NA,NA,NA,NA
"bz1",6135.11,0.344211725871711,0.841890043499147,59.3180580140239,1.31597416586749e-13,59.5299965769847,3.64151736024135e-12
"bnlg244",6187.62,0.609763324396001,0.737210609113036,31.2518104246783,1.63589562724708e-07,31.468857423538,2.45603937652899e-06
"AY105451",6221.17,0.384768910424279,0.824989635949236,61.362642955447,4.73447017156842e-14,61.618083239289,1.32542090523058e-12
"gpm6",6253.97,NA,NA,NA,NA,NA,NA
"IDP1681",6255.01,0.0556258527959213,0.972570292011777,39.7511185679681,2.33428714423648e-09,39.7878675094017,4.78844562756401e-08
"psr160d",6261.23,NA,NA,144.267183133678,4.70737961862583e-32,148.820170157562,3.64367877758141e-31
"nact12",6269.15,0.64778719185513,0.723327203245423,39.3486881384053,2.85457156698463e-09,39.5791917704699,5.28851518157495e-08
"gpm137a",6269.41,0.648384145376054,0.723111339101862,39.3466643418052,2.8574615650461e-09,39.5775945529346,5.29253700843793e-08
"gpm566a",6271.64,NA,NA,NA,NA,NA,NA
"php20052",6273.38,0.102839725870753,0.949879767488553,45.6851711256459,1.20113310702323e-10,45.7717742156081,2.74743161225278e-09
"umc1691",6289.18,0.111095692349874,0.945966761696472,49.7141324631058,1.60218735321679e-11,49.799917660904,3.97543222734871e-10
"umc114",6299.38,0.390243963647915,0.822734293305076,49.8153952781699,1.52308576244798e-11,50.0277285786788,3.56304771520874e-10
"gpm809b",6299.69,0.72678058617772,0.695315003893391,42.7487896860171,5.21456716503202e-10,42.9973753804195,1.03608588022579e-08
"gpm68",6301.37,0.203480559202495,0.903264117323545,17.347783817838,0.000170992320997213,17.7165550696374,0.00140184497077989
"psr547",6323.99,0.339721894134167,0.843782138820341,57.3430163672682,3.53282567516909e-13,57.4179995256279,1.01094575352661e-11
"gpm699c",6328.22,0.359397527640426,0.835521862920214,47.8186301173284,4.13348536148256e-11,47.8903865917332,9.94767429087965e-10
"gpm292a",6332.34,0.33577520736415,0.84544885468287,50.2810070595443,1.2067520485852e-11,50.3521482789001,3.0484174382435e-10
"npi580a",6347.42,0.252215559214873,0.88151983180175,49.2704682897627,2.0001093979783e-11,49.3600798982599,4.91123292553877e-10
"gpm815b",6355.33,0.00917192206220201,0.995424538432014,55.7609936343374,7.79209214416813e-13,55.7645620348824,2.24652212694172e-11
"IDP1441",6357.97,0.0185878395637004,0.99074913520417,62.786559648077,2.3231208551044e-14,62.8073887242382,7.44977839732652e-13
"IDP2469",6362.73,0.125200146762307,0.939319057275785,77.807378998158,1.27157600737908e-17,77.9981106315423,4.62354630378622e-16
"gpm939a",6375.5,0.0840335068533208,0.958853716352504,84.1908750862833,5.22617275689146e-19,84.4796354945445,1.95597856209461e-17
"ufg48",6380.93,NA,NA,NA,NA,NA,NA
"AY110217",6418.34,NA,NA,NA,NA,NA,NA
"IDP708",6422.41,NA,NA,NA,NA,NA,NA
"umc2342",6430.04,0.487351588555537,0.783741686617576,24.6084215481693,4.53261839150123e-06,24.8868089782046,5.30160491614686e-05
"umc2134",6449.45,1.12282337076674,0.570403265263394,30.4597464114637,2.43080491981634e-07,30.9796385902438,3.09081385863516e-06
"npi443",6455.05,0.439485789846407,0.802725156146391,41.0849098426898,1.19818859910195e-09,41.5541415405866,2.06363210988358e-08
"npi439b",6476.85,NA,NA,NA,NA,NA,NA
"gpm144",6571.17,NA,NA,NA,NA,NA,NA
"IDP2462",6577.98,0.0589916589957063,0.970934926918948,44.3869539254768,2.29876947110569e-10,44.4292034480603,5.22495182788875e-09
"gpm705b",6580.49,0.0918454108099671,0.955115784625407,41.7635789441729,8.53402793258031e-10,41.8103354393428,1.82619688998735e-08
"bnlg619",6599.57,NA,NA,NA,NA,NA,NA
"dupssr29",6601.67,0.258350609590943,0.878819890699753,42.8994728555572,4.83612849137046e-10,43.005154431592,1.03224224571281e-08
"gpm937b",6624.68,NA,NA,NA,NA,NA,NA
"bnlg1129",6678.77,0.384645943196001,0.82504036085304,79.7550782356511,4.80180820363439e-18,80.2242447810671,1.56133640446649e-16
"AY110060",6712.3,NA,NA,NA,NA,NA,NA
"phi041",6720.9,1.01016819512982,0.603454824211793,64.6935546295068,8.95309318783272e-15,65.6807669125732,1.84943025014154e-13
"gpm657",6792.71,0.211713115394953,0.899553672871976,77.5704193492205,1.43152012808004e-17,77.9063054475452,4.83517029685127e-16
"gpm919d",6801.06,NA,NA,NA,NA,NA,NA
"AY109994",6832.01,0.651045802896989,0.722149641803916,99.3752537588622,2.63595400166793e-22,99.6684639126585,1.15724234791214e-20
"IDP4076",6861.69,0.0225251362208274,0.988800617177805,42.4984686399957,5.90982730360377e-10,42.5096374840578,1.30789707324967e-08
"IDP475",6866.24,0.0310358105074431,0.984601877047478,50.5965870037881,1.03060140587174e-11,50.6184067395451,2.6820096318632e-10
"AY110411",6881.23,0.960945807826751,0.618490835899493,105.202179082283,1.43099155304297e-23,105.890520817455,5.47165687867424e-22
"umc2067",6884.53,0.0340209041543587,0.983133408794941,44.4300028382892,2.24981842013122e-10,44.4803149359057,5.09872279841554e-09
"gpm53",6889.03,NA,NA,NA,NA,NA,NA
"AY110248",6890.54,0.377145879158557,0.828140097045398,80.307298353373,3.64327315939287e-18,80.4714017617169,1.38398222571158e-16
"ufg59",6893.05,NA,NA,NA,NA,NA,NA
"gpm737",6901.92,0.118716309270917,0.942369194813365,58.1002021060462,2.41936511336456e-13,58.1769284415839,7.00552234845729e-12
"gpm388c",6905.85,0.18700135385216,0.910737400924092,52.5704926873176,3.84116141337336e-12,52.7534703216023,9.59646146501453e-11
"IDP1618",6936.05,0.0229974789839735,0.988567118343902,44.8497457676684,1.82390178836843e-10,44.8572365288855,4.25717523669692e-09
"IDP2561",6937.33,0.0229949598905081,0.98856836349117,44.8524006703515,1.82148225375519e-10,44.8598923901958,4.25176673094352e-09
"gpm512",6940.32,0.067479444026609,0.966823114665586,71.7474130818576,2.63176558744519e-16,71.7795145126631,9.55393460305439e-15
"IDP2556",6942.4,0.00661271175101895,0.99669910409988,43.1010475789795,4.37246594946409e-10,43.1016648320494,9.8572320142526e-09
"umc2350",6973.6,1.23157284133148,0.540215891274384,34.7349945327401,2.86676288218873e-08,34.9169620420522,4.83141106391603e-07
"umc1272",6989.5,1.0675661134402,0.586382450301396,44.8854233293086,1.79165408910427e-10,45.0248030491445,3.92902898905572e-09
"mmp12",7017.4,NA,NA,NA,NA,NA,NA
"gpm320b",7025.14,0.291335791275581,0.864444741388189,59.6771498661688,1.09969324841639e-13,59.7588158003768,3.25992036281601e-12
"gpm115",7028.56,0.283626762810405,0.867783185854662,56.1561044126753,6.39524024902143e-13,56.2914856733073,1.74194454717334e-11
"ufg81",7031.2,2.0565702661596,0.357619705233724,80.4747559423485,3.35064780818047e-18,80.7353670850086,1.21674338201731e-16
"gpm651a",7066.4,0.383577651064412,0.825481170633836,44.518962562432,2.15193975866964e-10,44.5741719972873,4.87479862661894e-09
"gpm794",7095.71,0.46298973607758,0.793346766917511,43.5541024899608,3.48615595967642e-10,43.7105588542791,7.36816392985022e-09
"IDP435",7105.94,0.0115561014857346,0.99423861008784,36.4522388256777,1.21477798428683e-08,36.4585200476697,2.3286034394919e-07
"gpm708d",7127.81,0.149683949180124,0.927890104957727,46.7749137161378,6.96556807208456e-11,46.8093665936259,1.67089196130413e-09
"bnlg1677",7139.41,0.153518745526821,0.926112674730695,37.8947046414523,5.90567360151823e-09,37.9616373157757,1.14116507863033e-07
"sgb103",7140.12,0.607000936406728,0.738229543490162,36.2556315818976,1.3402617798817e-08,36.4798661149937,2.30516108572284e-07
"gpm54a",7150.83,0.256023488261624,0.87984304609214,35.9029388931944,1.59873277107433e-08,35.9971923082874,2.89754720180548e-07
"bnlg1839",7156.51,NA,NA,NA,NA,NA,NA
"umc2351",7159.51,0.566254757448903,0.753423811583088,58.7870826082206,1.71611824290266e-13,58.9567018712326,4.80514301854535e-12
"bnlg1360",7159.81,0.0107853608381761,0.994621833979738,49.3608278102317,1.91175585928656e-11,49.3738891085517,4.87875100006284e-10
"bnlg1450",7173.81,NA,NA,NA,NA,NA,NA
