SNP Name,LW Mu,LW SD,LN Mu,LN SD,P Mu,P SD
IDP3993,-0.024635747,-7.16E-05,-0.124522296,0.000927997,-0.043715816,0.000510947
rz444e,-0.182843836,-7.38E-05,0.128135895,0.000655305,-0.070101183,0.00024744
IDP27,-0.190635295,-0.000880992,-0.142982298,-0.000439599,-0.142693215,-0.00053245
umc1160,0.181119529,0.000169974,0.02505945,-7.16E-05,0.152237332,0.00051761
umc1590,0.098395087,-0.000422662,0.090357907,-0.0006317,-0.015851707,0.000772341
gpm61b,0.060879704,0.000503686,-0.028029107,9.61E-05,-0.059112799,0.00040724
gpm739b,-0.142024569,-1.32E-05,0.016568429,-0.000563562,0.006113083,0.000865264
gpm706e,-0.163026949,0.000805331,-0.134094327,0.000899082,0.039926347,-0.000164888
gpm783,-0.170085383,-0.000987495,0.176682324,-0.00078163,-0.061183359,0.000740605
bnlg1429,-0.103705641,-0.000862132,0.170092487,0.000769796,-0.197980156,-0.000839531
mmp171b,-0.100213876,-0.000985013,-0.195536459,-0.000913546,0.125135711,0.000756562
gpm820b,0.115242181,-0.000303637,-0.045978547,-0.000840748,-0.077340935,0.000227973
IDP1682,0.07240729,0.000193716,-0.10211443,-3.64E-05,0.074298989,0.000953878
AY110355,0.025999724,-0.000112357,-0.182615298,-1.59E-05,0.136265142,-0.000774201
IDP1483,0.104778855,0.000503746,0.151158831,0.000664999,-0.013351109,0.0001127
c1,0.077186556,7.84E-05,-0.19124651,-0.000327803,-0.178533026,0.00062975
psr135a,-0.063210365,0.000339336,0.190421741,0.000909112,0.107170955,-0.000135731
IDP364,0.06761959,-0.000688355,-0.158565541,0.000589832,-0.06372684,0.000672148
umc2061,-0.013196214,-0.000770212,0.126495487,-0.000837738,-0.089687584,1.53E-05
umc1380,0.146073373,0.000989924,0.166328963,0.000597046,-0.165562862,-0.000869793
psr144b,0.034699109,-0.00035469,0.129327314,-0.000978547,0.016917249,0.000557058
AY107053,0.0966737,-0.000203128,-0.048445564,-0.000457904,-0.132351917,0.000679053
gpm926i,-0.15203739,-0.00078834,0.056779147,0.000117673,0.124500621,-0.00028539
gpm498a,-0.082047667,-0.000879575,0.055708347,0.000235722,-0.073949025,-0.000636552
mmp3,0.116303936,-0.000916083,0.180935877,0.000670805,0.130914663,0.000474794
gtd101,-0.13094034,-0.000276352,0.134322173,-0.000805588,0.040128344,0.00023134
IDP133,-0.098566996,0.000660645,-0.062850161,-0.000545784,-0.09083715,-0.000696202
umc1251,-0.199084769,-0.000251539,-0.140169958,0.000422131,0.14506593,0.000745793
chc101b,-0.111180483,-0.000323754,-0.194497015,-0.000749973,0.119559367,0.000804584
ufg54,-0.190520367,-0.000618111,-0.115179469,-0.000100239,-0.185770759,8.41E-05
gpm401b,-0.027064814,1.43E-05,0.123082113,0.000905594,0.199428733,0.000540346
AY106230,0.135539245,0.00081909,-0.021018457,0.000178133,0.091718816,-0.000703216
gpm158,0.015807824,0.000508778,-0.043385379,0.000366692,0.110862311,-0.000471036
AY110569,0.025569713,-0.000574797,0.157274041,-0.000771491,-0.198059436,0.000957929
IDP2593,-0.070588235,-0.000829159,0.177028643,-4.16E-05,0.045894177,-0.000730656
IDP2407,0.166477101,0.000375187,-0.102474569,-0.000517882,0.012170702,-8.22E-05
IDP512,-0.188574498,0.000781117,-0.198959951,-4.27E-05,-0.161406001,0.000857779
umc1142,-0.082137928,0.000379726,-0.065777466,0.000731312,-0.03846558,-0.000565815
umc1273,-0.119075305,0.000963821,-0.03280091,0.000617195,-0.161586908,-0.000383695
gpm857,-0.09372023,0.000749472,0.181572356,-0.000363422,0.051107068,-0.000973387
psr754b,0.136849084,0.000414326,-0.012424706,0.000517656,0.092387996,-0.000584106
gpm78a,0.025581802,-0.000928085,-0.113347594,0.000771409,-0.04708647,-0.000898935
asg3,-0.056420985,-0.000751538,0.191625751,0.000451975,-0.09425199,0.000800234
IDP2005,0.014039446,0.000557528,-0.089938093,-0.000374812,0.102776856,0.000194375
umc11a,-0.193015753,0.000236919,-0.04233308,0.000691103,0.056919318,-0.000328048
IDP193,-0.112807819,-0.000158852,0.046250739,2.55E-05,-0.0085664,-0.000840649
umc2081,-0.038309921,-0.000862544,-0.118457186,0.000929113,0.147448664,0.000295543
gpm580a,-0.002804197,-9.12E-05,0.187797614,0.000756192,-0.052838934,0.000243336
umc2151,0.188137376,0.000176278,-0.087957366,-0.000787948,-0.01564757,0.000223077
gpm359c,0.097417186,0.000890336,0.065463032,-0.000602834,0.159572366,-0.000897866
rz242b,0.096074071,-0.000429318,-0.159563555,-0.000959075,-0.004048824,-0.000790262
chr119,0.138839785,0.000638545,-0.124326746,-0.000408604,-0.040189779,-0.000868474
AY110989,0.093423461,-0.000998695,0.047222976,-6.08E-05,-0.091639023,9.78E-05
gpm548a,-0.124150112,-0.000172592,0.0987638,0.000148032,0.017246619,-0.00094158
sdg116a,0.126853789,-0.000569793,-0.107260199,0.000642421,0.112982295,9.02E-05
IDP163,-0.195175966,0.000397409,0.055438226,-0.000943734,0.06143261,-0.000571416
umc1904,0.174893599,-0.000210567,-0.164875906,0.000287277,-0.112113946,-0.000440484
umc2279,0.1166273,6.83E-05,0.190431371,0.000313608,0.082098623,-0.000418856
gpm277,-0.032695825,0.000530533,-0.080540652,1.51E-05,-0.111021529,0.000550443
IDP477,-0.064903973,0.000637196,0.026613708,0.000202735,0.183099776,0.000273055
gpm574b,-0.069030376,-0.000801899,0.017837565,0.000998677,0.04613933,6.31E-05
bnl5.24b,-0.155638284,0.000985034,0.108499176,-0.000895422,-0.181364484,-0.000753359
umc2228,0.074226347,0.000642573,-0.153974101,0.000832323,-0.180913721,-0.000428616
IDP355,0.010618992,-0.000238383,0.195625178,0.000305689,-0.023240586,-0.000968859
IDP353,-0.095335145,-0.000960689,0.154250175,0.000870784,-0.127443036,0.000578324
AY111089,0.077207806,0.000436434,-0.050270191,0.000815377,-0.042444745,0.000992582
gpm695,-0.016499328,-0.000487963,-0.140846602,-0.000500968,0.192781502,0.000269415
uaz187,0.111597056,-0.000187424,-0.125483505,0.000532742,0.072354624,-0.000996867
mbd101a,-0.106902895,0.000754484,-0.185809833,0.000929654,0.107470161,0.0006433
bnlg1863,0.112666723,5.05E-05,-0.18318296,0.000935935,-0.113902031,0.000622775
gpm609,-0.104685211,0.000641143,-0.135283362,0.000947237,-0.052984807,8.29E-05
gpm602b,0.103438224,0.000619946,0.193257921,0.000755716,0.094645579,-2.87E-05
IDP857,0.021841111,0.000295793,0.005593396,-0.00088829,-0.188712853,0.000647198
ndp2,0.177167354,-0.000952383,-0.065631212,-0.000583925,0.13810014,-0.000823086
AY109859,-0.062960996,-0.000123617,-0.078998406,0.00018128,-0.076528671,0.000667843
IDP471,0.062718867,-0.000933772,-0.161369295,4.43E-05,-0.168516706,-0.000374549
IDP1680,0.017684226,0.000653349,0.096727711,-9.00E-05,-0.056176887,2.50E-05
ufg27,-0.171625026,-0.000632656,-0.10848918,-0.000881981,-0.02072784,-7.28E-05
sod9,-0.153183902,-0.000364432,-0.050183983,-8.51E-05,0.037437793,0.000982053
BE518809,0.050140786,0.000689506,-0.058825815,0.000150225,-0.19290386,0.000375507
gpm436,0.168375689,-0.000330292,-0.118771954,0.000263914,0.063478342,-0.0001591
umc2227,0.154687215,0.00031622,-0.120628439,0.000614738,0.015175862,-0.000600094
gpm854,-0.127779984,0.000372911,-0.021373834,5.00E-05,-0.19178544,0.000885385
mmp177c,0.147561075,0.000890304,0.114910268,-0.00039043,-0.162022984,0.000311541
chc101a,-0.040321299,0.000230331,0.027593437,-0.000304657,-0.040030416,3.35E-06
gpm81a,0.189600143,0.000551266,0.109365234,-0.000506244,-0.011084478,3.46E-05
npi414a,0.190374052,-0.000197007,-0.10786448,-0.000667048,-0.07924183,0.000351213
umc2301a,-0.166128221,-0.000201707,0.1369775,0.000741307,0.179432265,0.000736494
mmp38,-0.089672738,0.000284683,-0.014563607,-0.000223428,-0.008925211,0.00018394
umc51a,-0.119590891,0.000588363,-0.02135406,-0.000591533,-0.046498933,-0.000172492
umc1383,0.198364308,-0.000923422,-0.180442573,-0.000584026,-0.168105207,-0.000509014
IDP3864,-0.042071467,0.00069645,-0.116845505,-0.000729024,0.085889918,5.95E-05
bnlg1746,-0.038810877,-0.000813428,-0.04814832,-0.000962981,0.060138122,-0.000399448
IDP1499,0.156805175,-0.00044237,-0.195905236,-0.000866922,0.003469065,0.000156733
ndp1,0.059080454,0.000988451,0.082999516,0.000352735,0.080695918,-0.000790023
IDP1667,0.111900912,0.00083395,0.060385543,-0.000158575,-0.158098842,0.000677086
gpm809b,0.172465688,0.00062221,0.173362986,-0.000610672,-0.088351643,0.0002601
bnl5.02a,0.189780182,-0.000860327,0.150791951,-0.000898943,0.072271498,-0.000381961
gpm830a,0.005009521,-0.000836822,-0.157486346,-3.10E-05,-0.082627719,-9.31E-06
gpm924c,-0.128576678,0.00077379,-0.17936555,-0.000227161,0.004237742,0.00037462
umc87a,-0.033991615,0.000525306,-0.073161577,0.000400641,0.007696238,-0.000586296
gpm331,0.059241638,7.27E-05,-0.195293095,-0.00044553,0.097848844,0.000900259
AY110191,0.050139905,0.00090441,0.051646069,0.00098801,-0.095141084,-0.000829409
mmp180,-0.011764846,0.000339721,-0.009367232,0.000226249,0.052684305,0.000481188
umc1743,0.109340666,-7.89E-06,-0.187179809,-9.96E-06,0.169546977,-0.000785277
IDP75,-0.111194745,0.000636791,-0.116251694,0.000904945,-0.156867106,0.000385115
bnlg2203,0.032985001,0.000598126,-0.069372133,3.87E-05,0.052805323,6.35E-05
mtf1,-0.02944855,0.000445406,-0.008756473,0.000218424,-0.052545248,0.000749638
AY108825,-0.058540156,0.000642044,0.190059645,0.000153189,0.174655801,0.000752035
php20603,-0.010223087,-0.00093599,-0.171957936,-0.000136949,0.106385885,0.000984569
umc1825,0.147800835,-0.000889644,0.159243486,0.000184441,0.122968273,0.000397535
bnlg1638,-0.198765464,-0.000470619,0.145507982,0.000467946,-0.0478911,-0.000976986
csu308,0.189998234,0.000290686,-0.009090013,-0.000414692,-0.037102564,0.000141697
IDP2346,-0.089637287,0.000706278,-0.154411849,-0.00081912,0.168105986,0.000525897
bnlg2295,0.004971274,-0.000335114,-0.054251615,0.000168712,0.159188212,0.000355251
BE639846,0.185284607,0.00059217,0.140166398,0.000606835,0.013399139,-0.00054933
nfd102,-0.161849017,-0.000422092,0.026391407,-3.75E-05,-0.03914188,0.000126904
IDP1697,-0.160619584,-0.00028429,0.06461223,3.14E-05,-0.093789777,0.000715051
umc1331,-0.036894322,0.000540249,-0.163234052,0.000617979,-0.084367783,-0.000161277
gpm460b,0.170277022,0.000179705,-0.118968874,-0.000393682,0.195165025,0.000597604
mmp134,-0.137443702,0.000386772,0.008509712,9.00E-06,0.100256704,-0.000340852
gpm662b,0.120685232,0.000424747,0.114659947,-0.000659117,0.151066493,0.000127108
gpm874a,0.144526909,-0.00061972,-0.189713448,0.000936886,0.1986203,-0.000339802
dupssr29,-0.149893405,1.61E-05,-0.012206441,-0.00074157,-0.045819382,-0.000804054
gpm580b,0.182066094,-0.000558094,0.083832861,-0.000713906,-0.126383275,0.000303383
gtc102,-0.113538957,0.000231723,-0.075368632,0.000447056,-0.058135586,0.000437254
bnlg1401,-0.110298672,-0.00086649,-0.186785241,-0.000146173,0.063060108,0.000313526
cdo1173c,-0.09572421,0.0003261,0.175877913,-0.0001744,0.161423944,0.000708954
IDP248,-0.004009177,-0.000447925,0.088894568,-0.000307957,-0.007175764,-0.000359263
IDP698,-0.197122253,0.000618308,0.041570389,0.000773355,0.161104626,-0.000173299
AY110389,0.142109585,0.000614203,0.102544224,0.000735642,-0.187905557,-0.00076356
gpm316,-0.055672692,0.000819021,0.032382896,-0.000921499,-0.160235965,0.000438575
gpm25b,0.167829117,-0.000496346,-0.195044501,-0.000790369,0.134416441,-0.000918703
gpm492,-0.040043436,0.00072979,-0.093047475,-0.000528675,0.146973273,0.000265867
umc120a,0.151511226,0.000163572,-0.036727727,-0.000254999,0.097066895,-0.000610983
bnlg1247,-0.022519564,-0.000538905,0.024644891,-5.79E-05,0.108517592,-0.000505429
gpm144,0.148160337,-0.000413711,0.055908446,-0.000934855,-0.110870631,-0.000465395
umc1945,-0.074501445,0.000384672,-0.136591566,-0.00095709,0.195136231,0.000881847
umc1562,-0.039119922,0.000831079,0.183552137,-0.000603071,0.083245779,-0.000413789
csu1171,0.101062938,-6.14E-05,-0.078377032,0.000751118,-0.104580858,0.000255655
umc2236,-0.02533118,0.000227234,-0.115251461,0.000117529,0.012999774,-0.000234365
npi444,-0.103892749,0.000641256,0.030719217,0.000127378,-0.108537661,7.91E-05
php20644,0.155841433,-0.000341909,0.189161157,0.000870228,-0.193494775,-0.000759022
umc2338,-0.031904402,-0.000274559,-0.126472339,0.000308214,0.015801607,-0.000525238
umc1504,-0.10690787,-0.000854229,-0.189503778,-0.000946401,-0.121074719,-0.000386675
gpm881,0.187267873,-0.00062709,0.070968282,-0.000946749,0.000864297,0.000852937
IDP538,-0.181255938,-0.000770932,0.018741987,0.000518143,-0.075945369,-0.000832784
IDP848,-0.149759018,0.000875645,-0.149354639,0.000953222,-0.043602605,0.000325828
IDP1479,0.0054353,0.000353895,0.011825834,0.000988661,0.133667088,-0.000108554
IDP258,0.111073476,0.000258484,0.096526834,0.000358352,0.010277981,0.00022185
IDP129,0.170602228,0.000516845,-0.085812718,0.000323612,0.106176744,-0.000225688
isu61e,0.154138955,0.00019808,-0.095122011,-0.000579662,-0.123103073,3.59E-05
gpm767,-0.126114508,-0.000128647,-0.0893003,-0.000196577,-0.143358965,-9.43E-05
bnlg2181,0.049522715,0.000446519,0.00043236,-0.000593897,-0.156774927,0.000370817
chr111,-0.08483608,0.000791068,0.17122722,0.000863873,-0.155072582,-0.000397569
gpm164b,0.098186911,-0.000344156,-0.053532613,-0.000228165,-0.14147788,0.000589615
bnlg2244,-0.103154441,4.03E-05,-0.051873357,-0.000811498,0.084010692,-0.000810332
umc2263,0.128445933,-5.17E-06,-0.192943111,-0.000740591,-0.048790646,0.000421521
umc2022,-0.053644043,-0.000969534,-0.138433545,0.000853204,0.015836204,0.000828692
lim151,0.046649514,-0.000581749,0.013309076,-0.000786901,0.142658662,-0.000308179
rz382a,0.183764556,-0.000126725,0.16816526,0.000596793,-0.067758954,0.000757509
gpm117d,0.152366586,0.000823476,0.083822638,-0.000654869,-0.10514289,0.000562331
sam2,-0.13186561,-0.000477323,0.166822505,0.000451359,-0.012076472,0.000170798
gpm379c,-0.156600519,0.000574567,0.016736789,0.000441229,-0.134028384,0.000508636
gpm77,-0.086044246,0.00069607,-0.134412437,-6.31E-05,-0.035083261,-0.000851661
gpm449b,0.132340042,-0.000513967,0.045749479,-0.000868123,-0.030315489,0.000930123
bnlg155,-0.038783147,0.000919466,-0.150384363,-0.000549467,0.077620306,-0.000280103
fdh2,0.111980166,-0.000294439,-0.180712741,0.00040927,-0.074521698,-0.000553907
umc1102,-0.195032865,6.28E-05,0.145640004,0.000664325,0.152466745,0.000327188
AY109733,0.069770649,4.57E-05,-0.058463317,0.000737599,0.03633465,0.000690396
gpm231,0.116252639,-0.000246556,-0.116832428,0.000937235,0.041127022,0.000953129
gpm407,0.168931511,-0.000331628,0.085023881,0.000941479,-0.035006754,0.000680084
gpm605,-0.056026417,0.00012456,0.18792224,0.000469347,-0.170112619,0.000179446
gpm789a,0.022553627,-0.000468134,0.178268615,-0.000544421,-0.034696497,0.000696407
gpm23b,0.074820583,0.000101656,-0.178513153,0.0009886,0.122808806,0.000932575
nfc104c,0.164495728,2.51E-05,-0.151392805,-0.000338446,-0.091834892,-4.75E-05
mmp111,0.049790549,-0.000888283,0.139215487,0.000738234,0.022306019,0.000495297
gpm363b,0.021317826,-0.000894851,-0.139335612,0.00021361,-0.166609401,0.000373429
umc1492,0.072533781,-0.000977966,-0.103809997,0.000491189,-0.026843608,0.000760786
umc1378,0.09590409,0.000847482,0.118522592,0.000499383,-0.179570259,-0.000473771
umc1972,-0.027926712,-0.000406914,0.111978912,6.21E-06,-0.123562068,-0.000789262
gpm241,-0.152110885,0.000218421,-0.120784601,-0.000608575,-0.078016621,0.000801104
AY109583,-0.005119103,0.000861769,0.077602356,-0.00039983,-0.180487938,0.000120917
AY110151,0.008223253,-0.000260606,-0.176340908,-0.000827931,-0.192110443,-0.000381416
mmp80,0.034261559,-0.000534688,0.086963302,-4.69E-05,0.136711161,-0.000998517
lim269,-0.099143033,0.000360653,0.089506583,0.000427652,0.038352812,6.93E-05
IDP2516,0.005557279,-0.000308917,-0.115476813,0.000256087,0.018291415,0.00056225
php20714,-0.080154403,0.000319414,0.025425057,0.000695738,-0.140818221,0.000735939
gpm800b,0.134211137,-0.000215354,-0.082131282,-1.98E-05,0.113350784,0.000826527
gpm220,-0.091791181,0.000689454,-0.096751965,-0.000891695,0.066865626,0.000709861
npi445a,0.138383656,0.000448883,-0.18575716,-0.00044618,-0.046531998,0.000712783
bnlg244,0.111337822,-0.000420006,-0.189105659,-0.000945186,-0.186970083,-0.000204027
AY110127,-0.035657619,0.000927374,0.070000144,0.000311728,-0.16197815,-0.000882598
AY110562,-0.173526328,0.000234438,-0.174865587,0.000402515,0.195778791,0.000756662
IDP1956,-0.144258815,-0.000782719,-0.080687093,0.000163527,0.076614766,-0.00058652
gpm135,0.070894163,-0.000245532,-0.123191708,0.000335031,0.167814833,-0.000545938
gpm851,-0.11795697,-0.000883641,0.041543581,-6.72E-05,-0.179103938,0.00043254
IDP3909,0.098756768,0.000664023,0.151341572,3.83E-06,-0.012701837,0.000550029
umc1961,0.027047345,-0.000461727,0.022634723,-0.000283002,0.022936484,0.000874596
bnlg1113,-0.147248845,-0.000667899,0.126266046,0.000867783,-0.125107264,0.000238766
gpm804,-0.083824637,-0.000914514,0.103716867,-0.0001609,-0.183833924,-0.000279323
gpm419,0.093991536,0.000468188,-0.080901468,0.00048775,-0.136913913,0.000462212
umc2310,-0.011960596,0.00077182,0.01276686,-0.00090912,0.149995592,1.68E-05
csu471,0.08456949,3.86E-05,-0.121697983,-0.000137702,0.040867164,-0.000440806
wip2,0.019562485,-0.000211239,0.13974716,8.30E-05,-0.187157589,3.03E-05
gpm312d,-0.085095553,-5.96E-05,0.120263689,-0.000561197,0.045984308,1.71E-05
umc2270,-0.048784699,0.000836107,-0.036062994,-2.33E-05,0.179428882,-0.000581593
gpm926k,0.105695184,0.000134647,-0.105077342,-1.44E-05,0.06977438,0.000680271
umc2238,0.111199244,0.000606814,-0.076430514,0.000898038,-0.001116865,-0.000602969
IDP3935,0.128399716,0.000886652,-0.147065038,-0.000924812,-0.16258912,-0.000263561
IDP856,0.025288988,0.000613324,0.110641109,-0.000908713,0.064934982,-0.000749777
csu636,-0.073996245,0.00050602,0.148755205,0.000588916,-0.020929113,-0.00059494
umc1506,0.069619551,0.000818194,0.01565015,-0.000866237,-0.026779115,0.000842551
nnr2,-0.08664661,0.000593298,0.080462572,0.000155257,0.028968486,7.79E-05
bnlg1598,0.198836564,-0.00037771,0.027541305,0.000269311,0.191598448,-7.84E-05
bnlg1740,-0.144918001,-0.000617437,-0.130213226,0.000634138,0.009695956,-0.000287481
umc86a,-0.006534903,-0.000158356,0.031322429,0.000796556,-0.188079129,0.000652254
gpm559,-0.086416866,0.000467618,-0.010297284,-0.000924411,-0.141647177,-5.43E-05
IDP377,0.138373686,7.40E-05,-0.04959763,0.000232741,-0.160338715,-0.000159432
IDP1608,0.168545188,0.000916908,0.09416147,0.000154493,0.110497747,0.000266023
gpm265,0.189926792,-0.000996777,-0.154827999,-0.000133515,0.011178157,-0.000234927
phi041,-0.087466695,-0.000498745,-0.144850512,0.000493909,0.001293377,-0.000783108
psr119b,0.088931797,0.000149619,-0.021089742,4.56E-05,-0.011620347,-0.000146067
IDP513,-0.001476329,0.000240731,-0.126861543,0.000544106,-0.063016761,-2.89E-05
IDP383,0.091262272,0.000547651,0.184081256,0.000924083,-0.101491648,-0.000411519
AI920398,-0.080559118,-0.000813409,-0.09699493,-0.000995425,0.071649282,-0.000985318
IDP2557,-0.069569149,-0.000837173,0.009740445,-0.000425211,0.199830595,-0.000770288
umc2050,0.045007915,-0.000352296,0.048847162,0.000551963,-0.065364695,0.000490499
umc109,0.142787092,0.000859638,0.054845036,-0.00094231,-0.008582367,-0.000992461
gpm324,0.160974688,-0.000237645,-0.142587741,0.000230445,-0.149291818,-0.000796159
gpm325b,-0.042598704,-0.000884448,0.113900734,-0.000708303,-0.090356838,0.00060086
mmp143,-0.00455265,0.000643921,0.15912943,0.000904665,-0.13649493,0.000147218
isu114,0.035845209,0.00073958,0.163972795,-0.000549624,0.078209937,-0.000774652
gpm922b,-0.008928858,-0.000269654,0.067340249,-0.000383248,-0.168403643,-8.20E-05
IDP2458,0.077457471,0.000367179,-0.056641688,-0.000412149,0.172851693,0.000270704
IDP1671,0.099523077,0.00045053,-0.023101679,0.000191414,0.028418158,-0.000789684
gpm2,0.144136903,0.000544124,0.117815405,0.000570773,0.152805499,-0.000226029
gpm413a,0.153861137,0.000245094,-0.062437989,-0.00048945,-0.146439251,0.000603561
umc1321,-0.091361956,-0.000603661,-0.066662966,0.000677501,0.14532819,0.000225472
IDP3970,-0.069905632,0.000779612,0.022767439,-0.00011146,-0.127615909,0.000584624
IDP3885,0.143269526,-0.000613186,0.024255364,-0.000563902,0.015415048,-0.000837895
jpsb107b,-0.083044949,0.000215707,-0.042922904,4.50E-05,0.068272497,0.000538154
mmp74,0.144905694,0.000897025,-0.122859782,0.000777146,0.016874137,-0.000236725
gpm404a,0.090278513,0.000894704,-0.0098095,-0.000655442,-0.072439746,-0.000456149
gpm291,0.073678262,-0.000630022,0.001280102,0.000115527,0.028695346,0.000312556
jpsb365a,0.145918892,0.00012221,-0.170328221,-0.000856195,0.117087825,-0.000367628
gpm926d,0.04931206,0.000668661,-0.17295394,-0.000349795,0.129224062,2.53E-05
gpm304a,-0.169385284,0.000752703,-0.03392354,0.000462216,-0.011356593,-0.000577197
umc2322,0.094034104,0.000569924,-0.09536728,-0.000772565,-0.147025385,-0.000277967
IDP1944,-0.057577324,-0.000948594,-0.12118306,0.000727575,0.086216714,0.000885601
IDP1624,0.114947675,0.00081642,0.051079001,-0.000686689,0.10612448,-0.000440185
umc1922,0.01954123,0.000731312,-0.060418656,0.000280128,0.128657357,-0.000240464
IDP148,-0.041777394,-0.000537121,-0.058611109,-0.000875486,0.017171306,-0.000801988
gpm699d,-0.171850783,0.000146778,-0.081027072,-0.00096318,0.028531638,-0.000842186
AY109603,0.143077011,0.000807993,0.056142168,0.000764803,-0.192310703,0.000314752
gte101,-0.103593923,0.000288751,0.037005605,-0.000858219,-0.19695942,-0.000450917
IDP1633,-0.178095023,0.000882202,-0.159795214,0.000197919,0.060346617,0.000951134
gpm671a,0.011571028,-0.000716952,0.108149201,0.000501657,0.123139844,-0.000839161
gpm732b,-0.105852297,0.000362205,-0.006931023,-0.000409495,-0.159845428,-0.000847417
gpm713,-0.174924141,0.000719302,0.100533349,-0.000832738,-0.05759736,-0.000608119
dmt103c,-0.094704917,-0.000448778,-0.192037338,0.000544911,-0.13352522,0.000299685
gpm1,0.008965325,-0.000240622,-0.076687834,-0.000329251,-0.11114206,-0.000999314
AY105479,-0.167801818,0.000321673,-0.021581751,-0.000155765,0.051468559,0.000465388
mmp97,-0.002687697,-0.000432793,-0.144340466,-0.000271707,0.079167748,0.000222574
bnl5.46b,0.163236529,-1.47E-05,-0.165609087,0.000461273,0.140776356,0.000220618
IDP4057,0.052882194,-0.000310682,0.055389305,2.43E-05,0.150347693,0.000986035
IDP2398,-0.021130216,-1.08E-05,0.087501735,-0.000650396,-0.100735545,-0.000513037
IDP630,0.102339158,0.000489712,0.045377527,-0.000839824,0.187001539,-0.000570578
gpm276b,-0.062234285,0.000110124,0.051214056,-0.000314518,-0.07269786,2.34E-05
umc1925,0.112739681,-0.000341918,-0.030708787,0.000635957,0.121471029,0.000630228
umc2344,0.161383187,6.15E-05,-0.008874702,0.000434552,-0.025817361,0.000757478
IDP3839,-0.007845583,-0.000323174,-0.160889902,-0.000971149,-0.013929264,-0.000250542
gpm411b,-0.124318894,-0.000483148,0.173537791,0.000899446,-0.112568572,-0.00024933
umc2224,-0.11761693,-0.000136295,0.123900134,0.000484848,0.158902041,-0.000656586
umc1634,0.111320075,0.000688375,0.140617482,-0.000704015,-0.042143841,-9.24E-05
gpm868,0.049605932,-0.000287212,0.174767095,-0.00012336,-0.080259385,-8.98E-05
IDP2374,-0.007169978,-0.000983387,0.107853575,-0.000471814,-0.151626596,0.000948055
gpm416b,0.016209922,-0.000421731,-0.166206725,0.000696725,0.083617116,-0.00017564
umc2337,0.027558696,0.000937512,0.124931056,0.000345283,-0.022994996,-0.000790997
AY104234,-0.038429605,-0.000114229,0.152615725,-0.000676862,0.036244331,0.000274511
gpm653a,-0.122331348,-0.000903186,-0.034123777,-0.000820642,0.051229317,8.63E-05
ufg13a,0.05238979,-0.000241484,0.098955717,-0.000873556,-0.072247079,8.58E-05
myb2,-0.105479959,-0.000889926,-0.042958764,0.000416125,-0.107091233,0.000335906
umc2229,0.129357961,0.000248168,0.187919231,0.000159752,-0.013746555,0.000668223
IDP3816,0.113868192,0.000712584,0.100583785,0.000193234,-0.108570459,-0.000813662
uaz262,0.015864623,0.000539411,0.106072313,0.00072616,0.018349674,0.000584955
AY110573,-0.099257606,-0.000141753,0.189059447,0.000280445,-0.148855116,0.000474083
bnl7.21c,0.01882541,0.00064817,0.143027772,-0.000636719,0.063315274,-5.69E-05
AY112073,0.054354424,0.000115006,-0.038888439,0.000936677,0.179506084,-0.000121358
IDP1987,0.117973264,0.000364605,-0.078940638,-0.000357836,-0.167074923,-0.000767697
rz69,0.170606271,-0.000233606,-0.032364788,-0.000215361,-0.170620305,0.000988982
IDP4043,0.069933894,-0.0003733,-0.175493363,0.000589268,0.029488643,0.000319166
bnl5.10,0.151863603,-3.13E-05,-0.041038957,0.00096939,0.026008409,0.000847449
mmp48b,-0.136684076,0.00067613,0.069332196,0.000779725,0.101219748,-0.000133565
npi113b,-0.066288024,0.000821197,-0.12695772,-0.000725194,0.184030576,0.000288207
bcd808a,0.04517872,-0.000383708,0.13492312,0.0001056,0.144452239,-0.000951841
AY107496,0.064475323,-0.000538831,-0.088724966,-0.000434899,0.030952026,0.00036712
gpm750a,-0.085238985,-0.000510563,0.10505445,0.000260103,-0.019960312,0.000380717
bnlg1601,0.105871069,-0.000900298,0.163493134,9.86E-05,0.093326988,0.000943158
gta107b,0.053408794,0.000675167,-0.185760207,0.000574239,-0.02362768,-0.000565193
asg6a,-0.176078453,0.000791689,-0.012316238,0.000677253,-0.119208299,-0.000995775
umc259b,0.092372022,0.000678874,0.117725336,0.000975798,0.115147557,0.000969685
IDP438,0.112385865,0.000316396,0.003508725,0.000477414,-0.048292686,-0.00023407
IDP2387,-0.008527705,-0.000853657,-0.082320663,-0.000491011,-0.047427852,-4.59E-05
IDP3926,-0.135393454,0.000838932,-0.152084609,-0.000883461,-0.188392439,0.000701922
gpm763,-0.03094413,0.000222745,0.062980207,0.00042065,-0.021797411,0.000821125
bnl3.04,-0.033553891,-0.00028322,-0.01132388,-0.000115563,-0.101839935,0.000685997
bnlg197,-0.038183478,0.000724086,-0.145904077,0.000279303,-0.089390505,-0.000703904
gpm329b,-0.06376369,-0.00086584,0.103455338,-7.60E-05,0.108176454,0.000830982
gpm182,0.096305828,7.23E-05,0.115618224,-0.000335952,-0.170139272,-0.000212295
umc2049,-0.121101035,0.000575635,-0.16390722,0.00028254,0.167288497,-0.00014618
bnlg1380,-0.039742618,0.000955041,-0.103946772,-2.85E-05,-0.089805792,0.000261446
gpm297,-0.029119751,0.000560843,-0.174272282,-0.000715282,-0.170001525,0.000688008
bnl5.59a,-0.141602502,-0.000212912,0.175518553,0.000113637,0.078411359,-0.000829504
gpm258,0.175401514,-0.000377033,-0.067797763,-0.000526265,0.053268945,-0.000776622
gpm289a,0.131611875,0.000985987,-0.077532698,-0.000823592,0.161374795,0.000188932
umc2334,-0.021428535,-0.000400472,0.052576621,0.000584126,-0.144331615,-0.000684637
umc1250,-0.059068531,0.000319465,0.070411356,-0.000833452,0.058990153,-5.51E-05
gpm199c,-0.102728921,-0.000538982,0.047023848,0.000910941,-0.172603529,0.000809445
mmp85,-0.017755471,0.000130409,-0.179754054,-6.07E-05,-0.001644627,0.000632736
AY107414,0.057195816,0.000551033,-0.176934248,0.000116807,-0.064634167,-0.000842491
AY110032,-0.083873285,-9.72E-05,0.084343555,0.000481058,0.134304901,-0.000536856
bnlg1188,0.039795069,0.000421922,-0.008094071,-0.000553618,0.188213757,0.000464489
IDP125,0.026868995,0.000883709,-0.096603724,-0.000862298,-0.019218651,-7.87E-05
gpm217a,-0.111919026,-0.000357318,-0.036312525,-0.000742589,-0.183799854,0.000823343
IDP2402,0.074830567,0.0006002,0.087495805,0.000232566,0.069688593,-0.000191712
umc2299,0.11670187,0.000424287,0.178374744,0.000667895,-0.070441429,0.000574963
bnlg1792,-0.167646852,-0.000429281,-0.166885876,0.000218796,-0.116848718,-0.000183394
gpm708e,0.167221395,0.000712779,0.066294637,0.000608712,-0.161205575,-5.42E-05
IDP852,-0.10987894,0.000499117,0.083946998,0.000755277,0.034062006,-0.000798568
gpm576a,0.107496728,0.000687405,0.123766222,-0.00097975,0.00476185,-0.000412034
umc2286,-0.162841855,-0.000993704,-0.145852599,0.000237106,-0.109822839,0.000886443
gpm363g,0.187708045,-0.000706341,0.009058829,6.29E-05,0.158628214,0.000453815
IDP2554,-0.098753266,-0.000168146,0.181781423,-0.0003741,0.149961268,-0.000359917
gpm864a,-0.012232968,2.04E-05,0.063721389,-0.000653535,0.030503576,0.000756671
csu1183,0.066041135,-0.000539198,0.097327007,0.000753372,0.103701891,-0.000789178
mmc0111,-0.063716424,0.000189024,-0.083737342,0.000839923,-0.059066443,0.000837338
IDP2485,0.084234201,-0.000791738,0.142870026,-0.000803018,0.087711429,-2.66E-05
AY109722,-0.070220627,-0.00032985,0.197856649,9.36E-05,-0.009558122,0.000638429
gpm666a,0.094757906,3.48E-05,0.173696432,-0.000466439,-0.059805413,-0.00021386
npi297,0.170057802,-0.000214941,0.086762567,-0.000958538,-0.102099627,-0.000344676
IDP2411,0.106575956,0.000417358,-0.155114856,0.000786622,-0.068956772,-0.000497775
umc1928,0.164802289,-0.000151067,-0.041271892,-0.000885065,-0.166772764,0.000561824
gpm531b,0.046450715,4.77E-05,0.121807823,0.000731637,0.115956481,-0.000422821
ufg35a,0.13836117,-0.000735542,0.107713325,0.000117135,0.030754462,0.000687402
gpm908a,-0.083504338,-0.000271523,-0.071438466,2.71E-05,-0.067884864,-0.000903231
umc1966,0.075739799,0.000454907,-0.013310438,-0.000587161,0.027714389,0.000493962
umc1842,-0.114178601,-0.000423571,0.16768928,-0.000237535,-0.076095784,-0.000210645
gst1,-0.182258514,0.000318478,0.136178097,0.000399486,0.138026394,0.000909079
gpm712a,-0.048954412,-0.000231016,0.156670505,0.000499671,0.153815649,3.72E-05
umc2278,-0.047601375,-0.000740624,-0.070984707,-0.000788926,0.053186555,-0.000665912
IDP854,-0.184654792,-0.000728158,0.109250555,0.000302396,0.108660692,0.000539997
IDP783,-0.050984034,-0.00042751,-0.163951265,0.000923968,0.135386418,0.000960126
gpm799,-0.181293299,0.000959531,0.140666105,0.000185078,0.078144318,1.40E-06
AY110634,-0.080453305,-0.000299479,-0.19257119,-0.00039947,0.048930117,-0.000465491
umc2356,-0.159953493,0.000644783,0.018552199,-0.000487869,-0.159169542,0.000370036
gpm137a,0.033992846,0.000404599,0.071314399,-0.000904758,0.027137387,-0.000131896
IDP833,-0.136492318,-3.65E-05,-0.100620573,9.85E-05,-0.043173729,-0.000863292
IDP312,-0.162524156,0.000797102,0.100497754,0.000188279,-0.109319566,2.51E-06
IDP1688,0.019375401,0.000412878,0.072802616,0.000755411,-0.162091871,6.20E-05
bnlg1064,-0.059898695,-0.000981008,-0.09690393,0.000312987,0.185273211,0.000872254
umc1073,-0.152626083,-0.000485132,0.176028756,-0.000580256,0.180494198,0.000189693
IDP158,-0.189848276,0.000833778,-0.097278048,0.000197081,-0.052078225,-0.000434339
bnlg1138,0.008627833,-0.000817628,-0.199066711,-8.94E-05,-0.083474812,0.000853305
gpm717b,-0.071028202,-0.000169388,0.147106296,0.000961198,-0.095376138,-0.000590139
gpm785,-0.104938928,-0.000401072,-0.025325626,0.000290127,-0.050544171,0.000581203
IDP488,0.130007493,0.000535192,0.163993099,-0.00094543,0.029713928,-0.000704649
gpm509,0.115648467,-0.000202786,-0.146016589,0.000591961,-0.099694167,0.000787603
IDP1470,0.132452838,9.54E-05,0.065939959,0.000116815,0.028639457,0.000269283
IDP1660,0.163820325,-0.000713251,0.099005354,0.000980933,-0.058407371,-0.000524676
gpm217b,0.056475773,-0.000561248,-0.174214305,0.000352925,-0.163172276,8.45E-05
ufg28b,0.04576524,-0.000980901,0.153257371,0.000782079,0.137519908,0.000572406
sdg118,-0.181625898,0.000470244,-0.025607107,-0.000236991,-0.00889462,-0.000671414
IDP3959,0.063448579,-0.000635025,-0.081875255,-0.000804473,0.079529079,-0.000870068
mmp167,-0.08700001,0.000196815,-0.144101684,0.000304373,-0.092739712,0.000155153
gpm905a,-0.157030492,0.000391523,-0.053802778,-0.000334534,-0.147767763,-0.000748475
umc2039,0.068067973,0.000753962,-0.06785006,5.32E-06,0.004696581,0.000804101
gpm815b,0.030526666,-0.00097097,-0.07325134,0.000213295,0.063567614,9.63E-05
asg33,-0.162737121,5.02E-05,0.151744357,0.000688312,-0.026887463,0.000115537
gpm118a,-0.096647755,3.86E-06,-0.043526695,0.000361534,0.063552623,-0.000223706
gpm210,-0.175742971,0.000766153,0.110433412,-0.000902559,0.087782275,0.00054729
IDP343,0.03001893,0.000373612,0.142424331,-0.000678314,0.196028845,0.00097864
csu173,-0.15337935,-0.000209945,0.028500769,0.000537913,-0.126879882,0.000138709
gpm566d,0.136689245,0.000453333,0.049177229,-4.28E-06,0.101567704,-6.03E-06
mmp32,0.011191678,0.000112879,0.02771913,-0.000879887,0.17835338,0.000337187
umc86b,0.017161562,0.000967186,-0.016868691,0.000707338,0.171072375,0.000439795
hb1,-0.073676188,-0.000108813,-0.136261777,-0.000609571,-0.107896476,0.000235341
IDP1958,0.038379538,-3.65E-06,-0.184410136,0.000314059,-0.032508169,0.000587549
IDP392,-0.076555707,-0.000291734,-0.050130876,0.000650175,-0.101934564,-0.000445016
bnlg565,-0.194454065,3.32E-05,0.109931142,0.000601249,-0.162039687,0.000638903
bnlg1189,0.186561208,-0.000122035,-0.063352707,0.000263262,-0.090222302,0.000622758
IDP640,-0.127045508,0.000799754,0.037307018,-0.000187037,-0.155016464,0.000606008
npi607,-0.035485377,-0.000244544,0.13311322,0.000785827,0.052496082,-0.000149305
AY110413,0.168971037,-0.000492768,-0.176992514,-0.000871522,0.111200451,-0.000531852
gpm34i,0.19478236,-0.000675071,-0.147940266,0.000320397,0.154079155,0.000786303
IDP1617,-0.083852915,0.000271788,0.159186036,0.00022487,0.063852539,-0.000700986
IDP1489,0.183175189,0.000665232,-0.038564308,0.000846991,0.18484396,0.000448047
npi268a,0.062080003,-0.000588101,-0.19796056,0.000969829,-0.050518513,0.000444636
IDP1422,0.026706199,-0.000610869,0.03288611,-0.000375444,0.116357271,-0.000799189
IDP269,-0.194688177,-0.000241974,0.173048679,0.000787512,0.105583797,0.000740756
umc1777,0.018606922,-0.000999027,0.101610918,0.000166855,0.047209399,0.00046049
gpm824,-0.169889771,0.00012407,0.18216168,0.000665738,-0.084721845,0.000274877
AY111125,0.078395837,-9.33E-05,-0.070162123,2.45E-07,-0.160961572,0.000568504
umc230,-0.052288238,0.000365602,-0.067706735,-0.000785386,-0.062182605,0.000263386
IDP3798,0.076931253,7.74E-05,-0.101341873,9.78E-05,-0.024140872,-0.000249879
umc2184,0.079952667,-0.00015565,0.129194048,-0.000559495,0.196463371,0.000348146
IDP157,-0.073118864,0.000773749,-0.061042172,0.000704651,0.00098715,-0.000502599
gpm803a,0.077666165,-0.00086093,-0.189653187,0.000626667,0.068813691,0.000345129
ufg18,-0.073368241,0.0006177,-0.071681505,-0.000105777,0.099196421,0.000207557
AY105910,-0.12248259,0.000234864,0.154899678,-5.32E-05,-0.169667048,0.000456991
mmp22,0.099147948,-0.000942842,-0.110862223,0.000236303,-0.041275761,0.000349095
gpm310,0.090528878,0.000571591,-0.155317635,-2.10E-05,0.035681436,0.00027281
gpm376,0.052240908,-0.000818148,-0.070886083,0.000770601,-0.003783631,-0.000916125
AY110248,-0.0657103,2.67E-05,0.05356132,-0.000936,0.032468517,0.000841276
gpm460a,0.048186364,-0.000693675,0.104209803,0.000445436,0.081371775,-7.23E-05
umc2000,0.164559515,-0.000255119,-0.114987398,0.000113439,0.129485576,-0.000299996
mbd109,0.128333513,-5.32E-05,-0.077106768,-0.000505413,0.130855395,0.000317626
gpm266,-0.167928424,0.00053875,-0.165681729,-0.000133904,0.079085243,-0.000188266
php20508,-0.053108729,-0.00056886,-0.075331309,0.000253205,0.021813769,0.000868587
gpm186b,0.169553459,0.00037787,-0.04165513,-0.000921797,-0.145162707,0.000794636
npi578,0.053394495,-0.000251069,0.188551025,0.000740121,0.119227917,0.000360557
gpm233,0.136781373,2.60E-05,0.025096575,-0.000140516,-0.117430691,0.000455437
bnlg1556,-0.09070242,-0.000779977,0.000553972,-0.000447847,-0.110372007,0.00046005
gpm670f,0.090040869,-0.000382785,0.180676859,-0.000586168,-0.041657083,-0.00091222
csu1080b,-0.02985078,0.000846997,-0.097890454,0.000865108,0.007899011,-0.000484347
IDP1474,0.145239108,0.00063554,0.044615562,6.18E-05,0.167191189,-0.000530234
gpm292b,0.084607866,-0.000515649,0.199209195,-7.87E-05,0.187405648,-0.000920175
npi616a,0.151331346,-0.000788828,0.004163684,-0.000920253,0.012223391,0.000158118
bz1,0.172755888,-0.00071866,-0.004508881,-0.000151674,0.094950971,-0.000634695
sps2,-0.02352345,-2.89E-05,-0.085661088,-0.000370615,-0.097936245,0.000881443
bnlg1108,-0.115611203,-0.000249691,-0.149460052,0.000864481,0.054023612,0.000380844
umc2035,0.092146605,-0.000936544,-0.142648143,-0.000109856,0.022065864,-0.000231196
umc1920,-0.059275593,0.000147804,0.165496871,-0.000792924,0.126320476,1.46E-05
AY109933,0.142051445,3.22E-05,0.198034352,-0.000370926,-0.052821479,0.000873448
umc1557a,0.05176047,0.000728898,-0.047496622,0.000495945,0.165732233,-0.000861383
lim96,-0.185525474,-0.000814757,0.11410742,-0.000643702,-0.064231129,-0.000659182
umc2346,-0.154831451,-0.000662135,0.003022443,-0.000706416,0.089291189,0.000858114
AY110514,0.039869469,0.000807062,0.14995813,0.000687435,0.125453338,-0.000750204
gpm487,0.026663042,4.67E-05,-0.015156995,0.000286246,-0.160071968,0.000290892
umc2188,-0.123797474,0.000480257,0.173555779,-1.73E-05,-0.170286204,-0.00055499
IDP335,0.151017082,0.000374323,0.10956391,-0.000180841,0.068719952,-0.000667306
IDP41,-0.128810275,0.0003057,-0.060392662,0.000992593,0.018154696,-5.17E-05
gpm157,0.016450037,-0.000922187,-0.152869391,-0.000176409,0.119109021,0.000578185
IDP587,0.159803714,-0.000128844,-0.066097601,0.000898461,0.044951211,-0.000135927
AY110567,-0.061478328,0.000984909,-0.09931982,0.000267412,-0.020338752,0.000580386
gtb101,0.04630897,0.000473966,-0.048550122,0.000954464,-0.115060609,0.000831329
gpm597,0.186817791,-0.000975412,0.056003357,-0.00079788,-0.16734207,-0.000382555
IDP1420,0.00725796,0.00011965,-0.010213791,0.000984998,0.072587437,0.000702062
rz382b,-0.092381,0.000367669,-0.066988863,-0.000890523,0.183752601,2.10E-05
gpm328b,-0.170904709,0.000535364,0.09215982,-6.48E-05,-0.031105208,0.000676511
gpm861b,-0.168750745,-0.000489463,-0.165505354,-0.000693324,-0.057944334,0.000154748
IDP3865,-0.063468286,0.000734776,-0.178418296,-0.00098042,0.190340338,0.000425963
gpm117c,-0.123577709,-0.00053984,-0.172966098,3.79E-05,-0.192725611,-0.000910086
gpm835b,0.083973421,0.000651931,-0.078131919,0.00041741,-0.003966433,-0.00043246
csu1138,-0.018287887,0.000899211,-0.16208376,0.000839554,-0.151228252,0.000758802
AY109920,-0.013820863,0.000526024,-0.047291294,0.000625495,-0.103991447,0.000446562
umc1527,0.111960706,0.000179245,0.121711403,0.000721217,-0.103013817,0.00038074
umc1395,0.159412538,0.000115513,0.120152644,-0.00080097,-0.065903068,-0.000194865
AY110019,-0.100824894,-0.000305465,0.060957391,0.000670439,-0.168846169,0.000703624
IDP2353,-0.157543631,-7.31E-05,-0.119563424,-0.000105552,0.079500484,0.000808121
AY109870,-0.133856167,-0.000979439,0.186420517,-0.000985993,0.04310232,-0.000319148
gpm609b,-0.010035993,0.000937602,-0.097481665,0.000842301,-0.074201173,-0.000551651
gpm575a,0.140973983,-0.000956366,-0.047183072,0.000146407,-0.099331666,-0.00035922
IDP235,0.048595684,0.000946797,-0.029808643,0.000125975,0.120560957,0.000974423
gpm880b,0.174604958,0.000529403,-0.133942448,-0.000276512,-0.191621545,0.000752786
IDP1674,0.196116992,-0.000623109,-0.037501696,0.00092333,0.124894843,-0.000190226
mlg3,0.167476388,-0.000194003,-0.178371521,-0.000997436,-0.041237488,-0.000268416
ufg78,0.161894325,-0.000687624,0.155799584,-0.000490451,-0.14022651,0.000736903
IDP397,-0.149674615,-0.000921606,0.1732358,0.000220851,-0.011394233,7.82E-05
IDP1432,0.176573419,-0.00037903,-0.081691269,-2.45E-05,0.118288816,-0.000136977
isu041b,-0.073199357,-0.000648519,-0.075383028,-0.000731707,0.095029669,-0.000580218
IDP249,0.104159235,-0.000499416,0.121668476,-0.000381341,-0.110229218,-0.000666175
gpm815a,-0.166069364,-0.000828923,0.133249897,-0.000417139,-0.164648189,-0.000597539
IDP81,0.062855159,-0.000683076,0.193260896,0.000216355,0.123666679,7.62E-05
mmp158a,0.130791288,0.00073711,-0.038215605,0.000592052,-0.1519549,7.53E-05
IDP102,-0.059272679,0.000473102,0.191753482,-0.000426119,0.115416325,0.000208495
IDP1689,-0.140387413,-9.81E-05,-0.093365476,-0.000788089,0.093458278,0.000102863
umc1223,-0.036234892,0.00074872,0.17480555,0.000244343,-0.088417264,-0.000297022
gpm44a,-0.110867948,-0.000873785,0.193948211,-0.000521748,-0.037859169,0.000363445
bnlg1006,0.188871375,-0.000453896,0.037015813,-0.000674762,-0.066784746,-0.000191359
IDP645,0.188750187,0.00085477,0.038296983,0.000393015,-0.098535456,-0.000373762
gpm282,-0.195782024,0.000358433,0.086992464,0.000710684,0.110446305,0.000249268
IDP771,-0.032470378,-0.000851013,0.111856918,0.000731124,0.175757746,0.000882586
AW330564,0.087059749,-1.81E-05,0.041148814,-0.000814029,0.195235436,-0.000287992
hrg1,0.05463599,0.000411097,-0.019904187,0.000862444,-0.191036353,0.000789167
umc2189,0.18472208,-1.97E-05,-0.073322566,-0.000107855,-0.183706364,0.000407669
gpm365a,0.123775601,-0.000799027,0.003320204,0.000291207,0.198799933,0.000864649
umc1970,0.13043328,-0.00086804,0.050484144,0.000402707,-0.053001071,0.000366462
umc1153,0.092617896,-0.000439708,0.178976381,-5.01E-05,-0.068366859,0.00017499
gpm288,-0.103024816,3.25E-05,-0.023588138,-0.000819408,-0.110153026,0.000729396
umc1638,-0.158012007,0.000508459,-0.052165479,0.00054579,-0.121296795,-0.000734817
hag102,0.081514769,0.000583778,0.146744565,0.000838292,0.007395399,0.000140856
npi208b,0.030420404,0.000937316,-0.130681716,0.000438528,-0.117181904,-0.000156594
asg63a,0.026945482,-0.000444372,-0.196913243,0.000506916,0.067805933,-0.000122463
gpm590,0.146391721,-0.000478756,0.144211611,-0.000410567,0.164535102,-6.03E-05
nfc104a,-0.036548798,-0.000380374,0.170550287,0.000760645,0.153907613,0.000778274
umc1316,-0.158433782,0.000617837,-0.102999939,0.000822775,-0.097300586,0.000446792
umc258,0.156700152,0.000144072,0.086473834,-0.000598459,-0.101185273,-0.000874494
IDP4037,0.036084552,0.000850697,0.175935019,4.77E-05,0.073672351,0.000545181
lim4,0.146832205,-0.000365743,-0.055870897,9.67E-05,-0.166926863,0.000832168
gpm801b,0.123669022,-0.000952396,0.127972402,0.000215004,-0.115680123,0.00030348
tb1,0.075149492,-0.000790855,0.085818369,-0.000869276,0.059906318,-0.000598181
umc1973,-0.093758553,-0.000629454,0.18976642,0.00044664,-0.164705293,0.00025268
AY110374,-0.138771504,-0.000489878,0.084099835,-0.000713241,-0.097841636,-0.000964156
chb101b,0.030309796,-7.88E-06,0.115914322,0.000384764,-0.014806593,0.000662012
IDP844,0.035880324,-9.15E-05,-0.145510368,-0.000821098,-0.100308574,-0.000304731
gpm44b,0.194879791,0.000878002,-0.039932712,3.84E-05,-0.117197237,-0.000587442
ufg39,0.000929684,0.000851339,-0.063025964,0.000598258,0.169584771,-0.000358801
umc1031,-0.000269252,0.000536379,0.144405824,0.000261318,0.113065808,-0.000507667
IDP3983,0.13145257,0.000337872,-0.050771172,-0.000751519,-0.181229435,-0.000888385
IDP126,-0.133777824,0.000178858,0.046847534,-0.000671953,0.106208917,-0.000577181
bnlg1434,0.02762611,0.000270449,-0.159470807,0.000498919,-0.063117418,-0.000584994
mmp192,0.022955075,0.000864869,0.141381496,-0.000323665,0.078111053,-0.000941833
AY109668,-0.131545169,-0.000614648,0.156399798,0.000547278,-0.185407051,-0.000713053
psr135b,0.12131501,-0.000485265,0.007899811,0.00033406,-0.183836281,5.10E-05
AY109570,-0.174004829,0.000491638,0.129759875,-0.00019704,0.007574712,-0.000834658
jpsb239a,0.076994389,-0.000915037,0.174503888,0.000342829,-0.016833501,-0.00027722
IDP4006,0.020283874,0.000429923,0.044030772,0.00014101,-0.119772468,-4.10E-05
IDP3967,-0.066595166,-0.000542518,0.133718024,0.000402035,-0.053473129,-0.000428825
gpm766,0.095787542,-0.000266267,-0.035249281,0.000983047,-0.170376025,-0.000658294
gpm699c,-0.071073726,0.000610383,-0.012779684,-8.62E-05,-0.186361381,0.000644179
IDP149,-0.149259409,-0.000397749,-0.19531411,0.000293892,0.107467705,0.000302359
gpm894,0.166752169,0.000844289,0.151393575,0.000502824,0.12365573,0.000543234
mmp186,-0.015872194,-0.000727272,0.019022159,0.000623018,-0.008147043,-0.00078494
gpm269d,-0.127197198,2.54E-05,0.191948017,0.000996076,0.159430838,0.000520399
gpm250b,-0.036734569,-0.000188056,-0.083980111,-0.000759511,0.169913412,0.000844864
mmp42,0.070766557,0.00076887,0.106301246,-0.000259113,0.017020675,-0.00051729
IDP2379,-0.06083938,0.000732451,0.084632963,0.000967546,0.048210898,0.000366477
IDP602,-0.17140608,-0.000191007,0.168736587,0.000838145,0.054210457,0.000457996
AY105132,0.123386518,0.000836008,0.011443575,0.000912539,0.078046151,-9.82E-05
gpm801a,-0.10981987,0.000911869,-0.040980801,-0.00067829,-0.197966862,-0.000281423
mmp151a,0.115677312,0.000787952,0.083668093,-0.000439923,-0.166868245,-0.000976786
AW231791,-0.097012607,-0.000321942,0.036824793,3.36E-05,-0.125076337,0.000600815
cdo938d,-0.146840794,-0.000944389,0.072555364,-0.00097456,0.19273942,0.000480667
IDP2388,-0.001517336,0.000429385,0.185900626,-0.000543064,0.009891408,-0.000337282
umc57d,-0.192648011,-0.000440228,0.011230597,-0.000571288,-0.114019729,-0.000795582
umc2333,-0.053873806,-0.000918053,-0.163949417,0.000430594,-0.044136877,-0.000749666
gpm424a,0.180745688,0.000866212,0.175882566,6.21E-06,-0.007272023,0.00082608
IDP683,-0.002839037,0.000859578,0.076977113,-0.000650449,-0.110469863,-0.000644251
gpm423d,-0.109553977,-0.00046484,0.082676198,0.0004741,0.101917264,0.000395323
IDP2146,-0.069131419,-0.000544237,-0.017936257,-0.000208804,-0.008809933,-0.000521844
IDP681,0.003304844,0.000968773,-0.1331256,-5.60E-05,-0.06243728,0.000537146
psr129a,-0.027781437,0.000389778,-0.040623931,-0.000265102,-0.09583736,0.000716382
bnlg1325,-0.01525095,-0.000620017,-0.192220259,-0.00074055,-0.051104636,0.000137619
IDP73,0.089335607,0.000641273,0.005218774,0.000341637,-0.015049632,-0.000637876
IDP172,-0.053689476,-8.47E-05,0.066892912,-0.000543605,0.005349096,0.000435024
IDP4016,0.004327228,-0.000442736,-0.144918828,-0.000269991,0.161687109,3.77E-05
ufg11,-0.127091573,0.000498335,0.084663187,0.000575221,0.063232316,-0.000930374
umc1314,-0.076697242,-0.000394744,0.171352959,0.000333836,0.17731957,0.000455668
IDP3815,0.127594933,0.000352624,0.17588161,0.000569891,-0.042487574,0.000227858
npi112b,-0.039039215,-0.000243425,0.082528953,-0.000790604,0.032592156,-0.000308206
gpm816,0.039272793,0.00035149,0.136662113,0.000950536,0.050742122,-0.000659733
gpm663b,-0.01531546,0.000795172,0.042644848,2.51E-05,0.092712424,-0.000596676
AY109703,0.172498889,4.19E-05,-0.173440192,-0.000144978,-0.105701449,-0.000253181
IDP610,0.181617648,1.16E-05,0.168332415,-0.000899973,0.072705216,4.88E-05
umc2249,0.049943146,-0.000522115,-0.095610535,0.000848435,0.026956895,-0.000368376
gpm63b,-0.06234356,-2.43E-05,-0.116831489,-0.000312764,-0.023817218,-0.000787418
gpm109a,-0.153868171,0.000482044,0.185133565,-0.000118971,-0.060782939,0.00077888
gpm32,-0.032518105,-0.000773224,-0.099924039,-0.000164423,-0.07891681,-0.000982347
sbp2,-0.107033056,-0.000567366,-0.100927753,0.000477748,0.177589786,5.30E-05
myc7,-0.101012039,0.000796367,-0.087911749,0.000843575,0.025130555,-0.000918283
gpm781,0.184226742,-0.000185223,-0.09196585,-0.000186212,-0.197630778,0.000678506
IDP1425,-0.105665647,-9.32E-05,-0.020270263,8.57E-05,0.176694696,-0.000652391
mmp100,0.110500047,4.82E-05,-0.042327491,0.000349772,-0.167745166,0.000137846
gpm110,-0.02322822,-4.74E-05,0.112865754,-0.000228672,0.028117916,0.00045034
IDP263,0.121051834,-7.70E-05,0.065867289,-0.000533506,0.138653442,0.000514753
IDP340,0.178407372,9.80E-05,-0.082614712,-0.000798411,-0.056691043,-0.000622722
mmp136,-0.117956058,0.00098,-0.054345101,-0.000687412,0.150123118,-4.46E-05
bcd926b,0.073664496,0.000156239,-0.000701158,0.000315217,-0.099117782,0.000351187
IDP1955,-0.142104507,0.000603686,0.069714696,0.000477786,0.036179376,0.000507393
umc2006,0.084726109,0.000409939,-0.157493635,-0.000545606,-0.089334899,-0.000282129
IDP2450,-0.065947316,0.000564285,-0.027429678,-0.000489697,0.033896894,0.000926937
IDP128,-0.031593285,-0.000992793,-0.164777259,0.000532404,-0.125541407,-0.000587871
AY103806,-0.159203303,-0.000972707,-0.189486279,-0.000353452,-0.071462479,-0.000850981
umc2117a,-0.074651762,9.90E-05,0.038433697,-0.000442636,-0.187918737,-0.00035036
umc1953,-0.011906502,0.000120158,-0.11618591,0.000479848,-0.101340043,5.27E-05
jpsb527b,-0.144151443,0.000909274,0.117879518,0.000919661,-0.133089712,0.000913196
cdo412b,-0.184523332,-0.000391124,0.010935951,0.000293897,0.013924193,-9.75E-05
IDP243,0.157663822,0.000466846,-0.075786058,0.000747903,0.178522126,0.000679614
IDP1480,-0.11002072,-0.000528341,0.16117232,0.000982766,-0.138431537,-0.000237435
AY110540,0.089522485,0.000786448,0.164943739,-3.89E-05,-0.145872683,0.000627134
gpm143a,0.060981525,0.000238849,0.085068835,-0.000490265,0.120984733,4.70E-05
gpm848b,0.004230488,-0.000867135,-0.011282622,-0.000258153,0.101725274,0.000682686
gpm140,0.119130671,-0.000906107,0.131840911,-0.000822185,-0.070570315,0.00023182
lim175,-0.140352425,0.00080776,-0.169011266,0.000335983,-0.124438989,-0.000526304
mmp12,0.174560523,0.000724061,0.042262259,0.000267022,0.13099511,-5.61E-05
ufg53,-0.170413046,-0.00017843,0.13903028,-0.000720363,0.136710922,-8.04E-05
umc1101,-0.055914518,0.000235405,-0.150453385,9.86E-05,0.175155559,0.000110636
umc1045,-0.061159933,1.12E-05,0.078938006,0.0008614,0.194043402,-0.000645716
umc1476,0.149858422,0.000473993,0.039195491,-0.00075647,-0.123785994,0.000820695
umc42a,-0.104775985,-0.000912005,-0.120835547,-0.000471148,0.110877727,-4.94E-05
ufg50,0.09944201,0.000907484,0.055243221,9.54E-05,-0.072912435,-0.000872631
AY109819,0.019012116,0.000988602,-0.152023898,0.000781104,0.142714185,8.25E-05
gpm12,-0.188567828,0.000759278,-0.192738179,-0.00061765,0.109942775,0.000853318
bnlg1028,-0.009562946,0.000201414,-0.171560594,0.000684489,0.130808971,9.04E-05
IDP785,-0.143861794,0.00090319,0.112476523,-0.000104335,0.068406502,0.000570072
IDP388,-0.137009986,-0.000576233,-0.098116364,-0.000849834,0.114115302,-0.000694969
gpm361,-0.142761834,-0.000566632,0.107589079,0.000687172,-0.09520457,-0.00077268
npi415,-0.055682994,-0.000569545,-0.0749404,-0.000694992,-0.126356593,-0.000429247
IDP2594,-0.18564939,-0.000943521,-0.014194745,0.000414051,-0.093478983,-0.00044529
gpm617,-0.100970699,0.000430436,0.198532793,-0.000634681,-0.126933523,2.93E-06
IDP321,0.11556162,-7.56E-06,0.154784443,-0.000328407,0.072007753,0.000144734
AY110396,0.186776992,3.48E-05,-0.148452794,0.000530336,-0.127899293,-0.000834648
IDP2445,0.181130593,-0.000267438,-0.110764788,0.000254884,0.146941425,-0.000463536
fdx3,-0.120744856,-0.000123099,0.082953371,-0.000582435,0.117268785,-0.000966206
npi264,-0.069457874,0.000497314,-0.047282415,-8.45E-05,-0.180690599,0.000673351
phi064,0.000213437,-0.00018945,0.174614437,-0.000159914,0.1475269,-0.000842799
csu481,-0.175762228,-0.000573582,0.116793267,0.000496583,-0.180841891,7.76E-05
gpm911,0.164842521,-0.000874559,0.025844519,0.000153532,0.154636833,0.000990104
bnlg1175,0.146382575,0.000854643,0.071363379,-0.00091625,0.043940453,-0.000217388
bnlg2132,-0.074855228,0.000664994,0.098586534,-0.000839497,-0.112729692,0.000165414
gpm858d,-0.192739937,-0.000756457,0.195447142,-8.35E-05,-0.075315899,0.000123988
mmp84,0.140458299,0.000770904,0.004534673,0.000857435,0.052901932,0.000280053
AY110906,-0.004776278,0.000683641,-0.168457012,-0.000756356,0.026157968,0.000598516
nfd108,-0.157265797,0.000710501,0.080709441,-0.00045474,-0.075178285,0.000605553
AY108545,-0.049577711,0.00080664,0.158066479,-0.000465298,0.152057665,-0.000781421
ufg55,0.122052221,-7.30E-05,0.024720918,0.000992301,-0.015249979,-0.000168639
php20640,-0.054058467,0.000331491,-0.160531956,-0.000927749,0.108655843,-0.000859638
IDP669,-0.178787204,-0.000307653,0.198191498,-0.000704979,-0.16807253,0.000254086
isu53a,0.051287952,-0.000690898,-0.176850017,-0.000557424,0.04173465,-4.03E-06
umc1,0.17860728,-0.000724133,0.027301519,-0.00080665,0.005721256,-0.000332653
umc1986,-0.106481491,0.000198093,0.145058548,-0.000632161,0.16456314,0.000418972
gpm796b,-0.17695217,-0.000534852,-0.162373395,0.000249119,-0.036053059,-0.000251667
gpm680,0.102651517,0.000292971,0.132152404,0.000608829,-0.14618566,-3.07E-05
gpm802,0.170572287,0.000847068,-0.08603871,0.000771312,-0.076740196,-0.000322365
IDP635,-0.128430035,-0.000469647,0.035223072,-0.000297669,-0.134412475,0.000764301
IDP1410,0.195912249,-0.000240401,0.149232002,-0.00064066,0.027746525,-0.00041038
umc2245,-0.057688387,0.000623816,0.185139208,-4.67E-05,-0.029269581,0.000867523
npi446,-0.151899623,-3.19E-05,0.023009033,-0.000311909,0.163506598,9.08E-05
IDP1702,-0.113125773,-0.000326589,-0.170116639,0.000574725,0.120591525,-0.000323789
isu41a,-0.117967225,-0.000589509,-0.18077076,0.000379239,0.199179976,0.000726737
bnlg1118,0.195794631,-0.000424627,0.186921906,-0.000635422,-0.083146323,-0.000162963
AY109740,-0.147644977,-0.000999704,-0.162153694,0.00095589,-0.0362679,1.12E-05
csu340,-0.142913295,0.00054487,-0.180261378,0.000593289,0.087016916,0.000688642
mmp39,0.013414371,-0.000398814,0.091956543,0.000769231,-0.078382157,0.000632169
gpm159,0.100050803,0.000181022,0.095781774,0.000310206,0.114818503,0.000381992
gpc1,-0.030983765,0.000476331,0.036529933,0.000523814,0.036643648,-0.000582778
npi298a,0.095975246,-0.000466146,-0.142579609,-0.00089547,0.180797806,0.000445253
AY110365,-0.099940917,-0.000997031,-0.122031082,0.00033431,0.172436778,0.00018276
AY110473,-0.117606801,-9.74E-05,0.09600202,0.000227687,0.087687475,0.00035406
gpm616,0.062698038,-0.000742423,-0.123856748,0.000195975,0.158728921,-0.000859497
IDP754,0.066572026,-0.000205139,-0.059442754,0.000307727,-0.060063599,-0.000295264
umc1650,-0.169861359,0.0004569,-0.194479243,-1.97E-05,-0.112122875,0.000760407
brd103,0.071921644,-0.000755117,0.082006427,-0.000770908,-0.012676724,0.000667979
bnlg1129,0.051480984,0.000204685,-0.020226845,-0.000263998,0.178549887,0.000139585
sdg116b,-0.16575826,6.21E-05,-0.033305051,0.000102567,0.090492198,0.000175424
gpm552c,-0.060700184,0.000766381,0.114024339,-0.000355656,0.161788559,-0.000391016
gpm535,0.127030395,0.000864564,0.168986593,0.000246634,-0.002237936,-0.000199805
gpm598,0.029457672,-0.000823971,-0.005773004,-0.000112808,-0.032721241,-0.000555066
gpm622a,-0.057484002,0.000437069,0.009444199,0.000968102,-0.095710085,0.000576351
bnlg2291,-0.168480895,0.00064642,-0.153224704,-6.42E-05,-0.183786988,8.40E-05
mmc0381,-0.06190962,0.00063223,-0.040098177,-0.000444231,0.045082388,-0.000117715
umc2354,-0.110244743,-0.000852005,0.024274945,0.000249565,-0.061154317,0.000163354
gpm537,0.091588197,-0.000743593,-0.06274531,-0.000520592,0.093664946,0.000679456
umc2321,0.194350874,0.000345807,-0.135690096,-0.000182179,0.107329079,-0.000761648
gpm325a,-0.122010168,-0.000640342,0.147659075,0.000218012,0.153401007,-0.000914819
gpm683a,0.043175893,0.000511957,-0.035555813,-0.000628892,-0.034867814,-0.000824077
isu58b,0.191495698,-0.000366728,0.091935688,3.03E-05,0.063971468,-0.000701289
umc1448,-0.03329434,-0.000337752,0.052006352,0.000528254,0.150645754,-0.000211443
umc1817,0.00284432,0.000259002,-0.175921951,9.36E-05,0.070055021,0.000174351
AY110450,0.135200927,0.000483401,-0.137528795,-0.000606049,-0.133329641,0.000680653
bnlg2082,0.110450452,0.000930011,0.14287535,4.10E-05,0.187020233,0.000786499
AI861369,0.168970475,5.62E-05,0.169689165,0.000354518,-0.028248599,-0.000378955
gpm926e,0.107948814,0.000893291,0.015374125,-0.0005546,-0.070209875,-0.000557666
bnl6.20,0.077220081,9.51E-05,-0.058693821,-0.0006331,0.044712473,-0.000947267
gpm800a,-0.041429832,3.79E-05,-0.126614637,0.000974909,-0.16169738,0.000949044
umc2149,0.075056975,0.000392163,-0.141983037,0.000118715,0.068439116,0.000341273
umc1301,-0.145196091,0.000727964,-0.080223799,-0.000459323,-0.151579651,0.000865504
gpm370,0.017595663,0.0007474,0.182779397,-0.000945803,0.09465796,0.000565681
gpm346b,0.102778587,-0.00046301,0.191730747,-0.000576641,-0.153243462,0.000814924
csu302,-0.167322289,0.000457955,0.113645776,0.000218098,-0.089290579,-9.81E-05
IDP3874,-0.118088991,-0.00080231,0.119787894,-0.00065748,-0.138649114,0.00059598
csu8a,0.004352734,5.63E-05,0.097209031,-0.000325142,-0.086120679,-4.47E-05
IDP608,-0.182323316,0.000164288,0.143719984,0.000668121,-0.183471964,-0.00044913
umc2285,0.039519457,0.000253296,-0.01764938,0.000152984,0.068860805,9.21E-05
bnlg1036,0.09616684,-3.15E-05,-0.129596758,-0.000926707,0.134885594,-0.000699684
AY109938,0.161733538,0.000745818,0.047281458,0.000834139,-0.145933783,0.000649259
bcd1823a,0.188041227,0.000595453,0.142660674,0.000469652,0.047638001,0.000740682
umc1231,0.126735736,-0.000366596,-0.104906174,0.000518323,0.046745245,0.000107724
gpm493b,0.072543536,0.000358804,0.187971063,0.000189425,0.183400341,-0.00051043
gpm466a,-0.157204806,-4.90E-05,0.0860869,0.000441858,-0.169322133,0.000147981
gpm243b,0.19296317,-0.000151072,0.091089557,-3.14E-06,0.065480727,0.00099213
mmp144a,-0.164701799,-7.60E-05,0.068482583,0.000797708,-0.105444522,-0.000544579
umc1105,-0.044319375,-0.000293333,-0.000677389,-0.000573806,-0.096215183,-0.000415409
umc1523,0.169136552,-2.91E-05,0.091786614,0.000394247,-0.159827615,9.48E-05
mmp124,0.120555112,-0.000752357,0.014024653,0.000218648,-0.006701008,-0.000841242
umc1714,0.104315925,-0.000152742,-0.093939536,-0.000197487,-0.108459212,-0.000999655
mmp101,0.135859829,-0.000395719,0.054073434,-0.000160707,0.076480508,0.000939538
gpm450a,-0.177362493,-0.000685151,0.048137654,-0.000867937,0.15653999,-0.000857213
mmp53,-0.131717728,0.000879583,-0.004998256,0.000421365,-0.162424505,0.000129099
gpm595,0.013216967,-0.000264309,0.171297551,-0.000397597,-0.084285257,0.000955731
IDP4031,-0.179627615,-6.45E-05,0.14777578,-0.00017357,-0.130773208,0.000503642
npi433,-0.157159353,-0.000238079,0.036419,0.000436693,-0.034801829,-0.000832798
gpm63a,-0.186739109,-7.82E-05,-0.143574655,0.000650301,0.090409482,0.000939309
umc1311,0.163585309,-0.000704397,0.125351496,-0.000569571,0.187282296,0.000317971
ufg48,-0.195962516,-0.000555196,-0.072503052,-0.000710457,0.173309267,0.000633127
mmp127,-0.095932094,8.97E-05,-0.068876812,0.000474351,0.149799015,-0.000348085
umc1836,-0.17248227,-0.000595937,-0.15780353,0.000410394,0.118938204,-0.000701624
hmga102,-0.015472059,-0.000182404,0.033229631,-0.000597093,0.051871399,-0.000247928
umc1381,0.172747741,-0.000768989,-0.036569754,0.000157253,-0.062400867,-0.000761951
gpm254,0.109992745,0.000957989,-0.097508137,-0.000733678,0.009939742,-0.000116788
gpm611,0.055737233,0.000778395,-0.153640032,-0.000618172,0.168920147,-0.000387865
ufg66,-0.181717405,0.000812271,0.059677216,-0.000495156,-0.161818535,0.000201424
IDP447,-0.18723187,0.000190507,-0.119051666,-0.000681638,0.134403633,-0.000806371
IDP4034,0.141583835,-0.000508665,0.148305622,-3.22E-05,0.071493696,-0.00097098
AY110064,-0.050002685,0.000898695,0.156217771,0.000286993,-0.105792033,2.05E-05
mmc0401,0.158898364,-0.000873699,0.023213337,0.000656193,-0.081783546,-0.000921431
bnlg1057,-0.166420121,0.00031948,-0.042693084,-0.000797686,-0.144943363,-0.000289706
umc2274,0.161707226,0.000735548,0.017113624,0.000687403,-0.183341644,-0.000965682
sdg113,0.185584477,-0.000533519,-0.001085987,0.00077348,0.093640553,0.000185022
IDP422,0.197970308,9.31E-05,-0.042191797,-0.000319755,-0.196516082,-2.95E-05
umc1910,0.029805311,-0.000966553,0.176740849,-0.000377247,0.185766768,0.000807127
AY110631,0.176622376,-0.000695463,0.103819569,-0.000544872,-0.162861,-0.000330176
kpp1,0.110076371,0.000897786,-0.019990883,-0.000474097,0.197841375,0.000748005
umc2312,-0.104936414,-0.000440102,-0.028253384,-0.000652512,-0.136640337,0.000605122
umc1933,-4.50E-05,0.000452869,-0.124048692,-0.000429749,-0.154594789,0.000917904
IDP224,-0.011357083,-0.000264852,0.082052012,0.000682995,0.046835345,-0.00096654
gpm457,0.100330584,3.11E-05,-0.031922757,0.00096079,0.132519757,0.000169902
AY110542,0.087175693,0.000396528,-0.032025558,-0.000373722,0.136513992,-0.000911884
ago108,0.171863934,0.000873707,-0.096466017,-0.000928017,0.187990365,0.000831168
jpsb443,-0.031578744,0.000138838,0.004133514,0.000689371,0.193318271,-0.000366959
IDP847,0.197294401,-0.000901623,-0.042914345,-0.000144737,-0.142768085,0.000851325
bnlg1647,-0.077330305,-0.000658095,0.152572607,-0.000285555,-0.049139744,0.000323997
umc1649,0.182603971,-0.000411284,0.047535626,-0.000402573,-0.189360688,0.000747462
bnlg1331,-0.012047826,0.000467303,-0.021949781,0.000387028,0.079570712,-0.000551875
umc1272,0.000826835,0.000234726,0.112831864,0.000542053,0.017136769,0.000180078
gpm83b,-0.115221466,0.000587949,0.02439152,0.000186168,0.10651695,0.000489021
mmp156,-0.080724672,0.000525134,-0.093720035,0.000404596,0.017019296,-0.000316621
IDP3841,-0.085945983,0.000339132,-0.025901161,0.000250853,0.045062733,-0.000821943
psr119a,0.123059079,-0.000373686,0.089535331,-0.000654588,-0.088842361,-0.00060117
aoc1,-0.053631707,-0.000828941,0.129984403,0.000946987,-0.006513976,-0.000321239
gpm193a,0.194601724,0.00096342,-0.142143427,0.000903065,-0.120937373,0.000208824
gpm113b,-0.109581408,0.000259702,-0.078853883,0.000330708,-0.011753769,-0.000839535
IDP1683,0.089094066,0.00032359,0.170245277,0.000357645,0.132295549,0.000597565
umc1174,0.016096574,0.000585654,0.078311032,-0.000462177,-0.052866553,-0.000271882
IDP3866,0.133368527,0.000276612,0.088769402,0.000138156,0.023379926,0.000327904
gpm858c,-0.169994463,-0.000411331,0.098423179,0.000650464,0.080315252,-0.00078456
AW257883,0.031115597,0.000772825,0.181319807,6.26E-05,0.125198446,-0.000644837
AY109917,-0.175274979,0.000133,0.030482279,0.000139457,-0.099537769,0.000290114
ufg75b,-0.020892827,-0.00067711,0.103198164,0.000592568,-0.073135772,0.0001995
ns1,0.006855936,0.0009314,0.086052432,0.000737494,0.169457911,0.000177136
IDP257,0.142427163,-0.000588067,0.140110537,0.000977602,0.028565605,0.000263092
umc1159,0.126354734,0.00078939,-0.009492351,0.00040562,-0.153507913,0.000250495
umc1407,0.179789912,-0.000132082,-0.12594321,0.000361248,0.163086581,-0.000862058
gpm33e,-0.079477236,-0.000993609,0.074093731,0.000457671,0.052700805,-0.000670932
AW308691,0.18185335,-0.000188153,-0.186031397,0.000496494,0.040267801,0.000100813
gpm28c,-0.058220113,0.000573108,0.144249591,-0.000834665,-0.100298927,-0.000379428
cdo105,-0.149776386,0.000638894,0.140605196,-0.000789254,0.164644603,0.000614276
IDP351,0.043367269,0.000452015,-0.065856245,-0.000246928,0.008477734,-0.000182519
IDP3873,-0.118074759,-0.000454885,0.058646167,0.000310326,0.197644825,-0.000921193
lim166,-0.196283156,0.000138304,0.181403956,-5.08E-05,-0.185699257,0.000550661
IDP867,0.149665083,0.000192931,0.000130459,9.32E-05,-0.046305699,0.000915292
umc1568,-0.032642132,-0.000952839,0.103099044,-0.000673898,0.089136502,0.000405471
isu49,0.041211881,-0.000179639,-0.145562663,-0.000474782,-0.145531946,0.00030693
umc6a,-0.114838033,-0.000113993,-0.015274064,-0.000867138,0.168314323,-0.000581095
umc2110,-0.069534836,-0.000685513,0.119919902,-0.000702203,-0.06599215,-0.000443397
IDP1992,0.135180768,-0.000641236,0.080898635,-0.000263426,0.051291825,0.000198397
AY110182,0.084906744,0.000848237,0.0705765,0.000678684,0.115714267,0.000353226
gpm906b,0.011869713,0.000670626,0.079601278,-0.000712866,-0.066151477,0.000353274
umc1450,-0.159558927,0.000259975,-0.127393026,0.000699237,0.087391267,0.000760687
IDP1636,-0.117813274,-0.000480835,0.152889194,0.000677499,-0.052373413,-0.000545982
IDP2418,-0.083102118,0.000685586,-0.149709236,0.000338898,-0.139049178,0.000530546
mpik3,0.18013695,0.000537451,0.016702564,-0.000987591,-0.130858354,0.000881034
IDP2596,-0.151829817,0.000191405,0.110373128,-0.000348672,-0.164980295,-0.000401518
csu623a,0.121021732,0.000531825,0.133606895,-0.000832166,-0.013586608,0.000865971
umc1426,0.075846164,-9.46E-05,-0.142730783,0.000850422,0.070813508,7.63E-05
php20661,0.105604239,0.000394884,-0.182427043,-0.000725706,-0.125982638,-2.50E-05
IDP470,-0.175744622,-0.000323252,0.070337897,0.000576732,0.184710159,0.00025391
bnlg1265,0.038786852,-4.77E-05,0.199680755,-0.000491008,-0.184995836,-9.56E-05
bnlg1951,0.146286198,-0.000778169,-0.059189541,0.000371187,0.168173185,0.000599832
bnl8.35a,0.101569893,-0.000422347,-0.176400677,-0.000386349,-0.075137873,-0.000355322
IDP3877,-0.172128732,-0.000469337,-0.145135081,-0.000194004,-0.003115436,0.000484428
php20646,0.115207175,0.00035921,-0.062901771,-0.000836871,0.147813984,-0.000194774
IDP3778,-0.155090976,0.00047921,-0.005421297,-0.000206984,-0.170314704,0.000548502
isu89,-0.17013501,-4.40E-05,-0.143724233,-0.000924916,0.115250753,-0.000418533
umc2326,-0.007510951,0.000453041,0.047618732,-0.000916005,-0.077351769,0.000595598
umc1917,0.109050596,-0.00067647,0.126104918,7.69E-05,-0.067073488,0.000920329
bnl6.32,0.007251282,-0.000320067,-0.199740183,0.000776076,-0.098910528,-0.000263043
IDP2452,0.042715889,0.000945109,0.140058123,-0.000100927,0.086977329,0.000190353
gpm235a,0.00084789,0.00036187,0.03928957,0.000269839,-0.116493803,0.00024012
IDP132,-0.060219492,-0.000546532,-0.142992174,0.000102058,-0.043394948,0.000968726
hxa102a,-0.006647921,0.000896015,-0.037709884,0.000125758,-0.06949781,-0.00049222
AY109506,0.103836697,-0.000418306,0.078217964,-5.55E-05,0.125277249,-7.62E-06
IDP2469,0.004461443,-3.00E-05,-0.175778199,-3.55E-05,-0.084601703,1.02E-05
csu1089,0.069167677,0.000386551,-0.090894554,-0.000832488,0.092602793,0.000787735
IDP522,0.175367028,0.000752656,0.052123248,0.000681368,-0.027942155,6.69E-05
jpsb106,0.079069227,0.000370649,0.002844885,-0.000484398,-0.183101634,-0.000899925
IDP653,0.053170635,0.000832239,0.043340792,-0.000690412,-0.06654407,-0.000741373
gpm365b,-0.114643567,-2.18E-05,-0.185560885,-8.52E-05,0.185899092,0.000581057
umc1792,-0.043682076,0.000961202,0.162220018,-0.000172171,0.028906425,-0.000549915
IDP2566,0.18237255,-0.000629526,-0.098635561,-0.000955766,-0.031726859,-0.000568448
umc1542,0.09981796,0.000829908,-0.123544692,0.000917299,-0.02429068,8.79E-05
gpm762a,-0.103866298,0.000773298,-0.147597056,-0.000561301,-0.01707887,-0.000196963
AY110240,-0.06632515,-0.00051821,-0.081295877,-0.000855252,-0.187706981,-0.000561745
sdg129,0.155429209,-0.000924398,0.180185079,0.000369219,-0.198152276,-0.000923405
AY110170,0.123328964,8.14E-05,-0.024907203,-0.000525731,-0.161587627,9.42E-05
IDP2,0.087655153,-9.09E-05,-0.192614954,3.96E-05,-0.171080893,-3.18E-05
hdt103,0.006791004,-0.000212049,0.062241116,-0.000714931,0.152193647,-0.00019901
gpm53,0.190177081,0.000336151,-0.187312716,-0.000650093,0.180031856,-0.000763148
gpm440,-0.171569035,-0.000497675,-0.026821749,-0.000340954,0.100985557,0.000481215
IDP3835,0.012191113,-0.000238139,-0.127540787,0.000970781,0.105551298,0.000897931
mmp76,0.038897002,0.000181116,0.133660482,-0.00071436,-0.037703943,-0.000298565
gpm289b,-0.118473139,-0.00087801,-0.172975936,-0.000577474,-0.080992274,0.000270349
umc2036,-0.175067148,-0.000700564,-0.140570111,-0.000788475,0.185154024,2.62E-05
gpm106b,-0.130258548,-0.000894014,0.178753809,-0.000203965,-0.102187624,-0.000802964
IDP3969,-0.073419583,0.000235588,0.15538417,0.000158502,-0.156339987,-5.41E-05
umc2125,0.053921036,-0.00051207,-0.057828839,4.39E-06,-0.087841831,0.000382284
AY110160,-0.06547823,0.000280766,0.049370203,-0.00029349,-0.119387673,-0.000436886
smh4,0.002112794,-0.000624768,0.054340096,0.000913108,-0.194632284,0.000294838
AY106040,0.100555254,0.000976479,0.133725189,-0.000793105,-0.019203354,5.36E-05
gpm234a,0.059821754,0.000888231,-0.1789159,-0.000387778,0.162081448,-0.000177235
AY105746,0.146967216,0.000749846,-0.039368867,-0.000943964,-0.061115698,-0.000368772
gpm922i,0.030293722,-0.000611241,-0.029976149,0.000643493,-0.091102886,0.000428309
mmp173,-0.100956901,0.000890415,-0.030343113,0.000543605,0.032044872,-0.00044767
gpm287b,0.185081877,0.000205867,0.17088162,-0.000662938,-0.185465092,1.07E-06
mmp171a,0.104736604,0.000258787,0.067673707,0.000339542,0.143421106,-0.000298537
cdo98b,0.02518924,-0.00099913,0.072169507,0.000165473,0.035352128,0.000614031
nfd109,-0.156582108,0.000971583,0.149987486,-0.000425884,0.055565478,4.68E-05
mmp79,-0.189341603,-0.000894864,0.080578427,-0.000477331,-0.120698748,5.75E-05
bnlg1643,-0.065416559,0.000544162,-0.180250112,-9.43E-05,0.041115713,0.000534401
gpm462,-0.002612794,0.000845709,-0.179245299,1.17E-05,-0.03906965,0.000596069
AY109586,-0.141804008,-0.000567341,0.17904471,-0.000550246,-0.099333089,0.000426105
gpm187c,0.071074309,1.01E-05,-0.033924938,0.000994571,0.052146113,-0.000308927
gpm564,-0.126241546,0.000319626,0.09577611,0.000838991,0.159635317,0.000595565
AY112199,0.054926458,-0.000806168,-0.126747384,-0.000902957,-0.020124281,0.000414673
IDP65,-0.069233561,0.000884685,0.188741928,-0.000467932,-0.089647515,0.000369712
gpm733a,-0.049686073,0.000900225,0.096113202,-0.000924144,0.146845915,-1.03E-05
ufg62,0.12287076,0.000483504,0.020672314,-0.000438335,0.108251652,-0.000291363
gpm875,-0.06074773,-0.000445827,-0.125694748,0.000715198,0.193673092,-0.000653051
umc1245,-0.112363641,8.66E-05,0.060189974,-0.000330396,0.050435603,-0.000165106
gpm793,0.044750978,-0.000855082,-0.049633236,0.000425494,0.15368529,-0.000737242
bnlg1893,-0.174426813,-0.000109267,-0.015712436,0.000735816,0.049587782,-0.000500647
mmp170b,-0.050821677,0.000917155,-0.135782802,0.000186847,0.153901874,0.00084021
gpm494,0.162939408,0.000624453,0.047521297,4.30E-05,0.088825129,0.000623965
hox1,0.19423354,0.000783729,-0.146001868,-0.000338953,0.087258296,-7.01E-05
IDP1419,-0.179728488,-0.00057098,-0.187685613,0.000591294,-0.131259616,-0.000500934
IDP290,-0.119888367,-0.000639953,-0.145216135,-0.000356154,-0.111725101,3.72E-05
umc1130,0.08097384,0.000385714,-0.113074611,-0.000713795,-0.017899758,0.000633268
IDP2348,-0.090991141,-0.000743267,-0.023299016,0.000104989,-0.084804386,-0.000938566
zag1,0.001356853,0.000545892,0.073420619,0.000267251,-0.001388656,0.000168126
gpm666c,0.050091624,-0.000297433,-0.046560442,0.000316289,0.048130678,-3.05E-05
umc1675,0.11306435,-0.000599649,-0.010432999,0.000469049,-0.109437614,-0.000635525
bnlg108,-0.163818457,-0.000244036,0.19506511,0.00022155,0.063684235,0.00037882
umc128a,-0.168713903,5.35E-05,-0.106719012,0.0007973,-0.014410726,-0.000346609
IDP207,-0.101343443,0.00063853,0.19077646,-0.00036238,-0.189392026,-0.000404174
gpm603,0.004522133,0.000920317,-0.125651965,0.00093611,-0.033752914,0.000948717
gpm427,0.147285752,0.000891377,0.035655138,-0.000197129,-0.173758823,-0.000186021
AY110231,0.02712942,-0.000190235,0.024613373,-0.000369034,0.188140758,-8.96E-05
umc1742,-0.159082412,0.000548712,-0.132715201,0.000538252,0.044573201,0.000669219
umc1822,0.105238798,-0.000179085,0.067260878,0.000495345,-0.140772787,0.000419384
mmp26,-0.135374573,0.000913321,0.19515265,0.000614146,-0.168224966,-0.000642697
mmp183,-0.046759444,0.000501171,-0.146489901,-0.000914748,-0.185472929,-0.000109552
gpm117b,0.133526554,-0.000793187,-0.184405855,0.000196325,0.161697857,0.000792485
AY110410,-0.126313308,-0.000956994,-0.15518169,-0.000488054,0.087288889,-0.000702366
IDP154,0.035098685,-0.000619583,-0.193778972,0.000554728,0.058688363,0.000239392
IDP3896,-0.011219734,0.000717327,0.003185619,-0.000197383,0.003015895,0.000985108
npi296,-0.054911801,6.04E-05,0.080002007,0.000760257,0.140384134,0.0005974
gpm211,-0.05675894,-0.00080515,-0.144831039,0.000477018,0.025367803,0.000562651
gpm89c,-0.078022918,-3.14E-05,0.004347012,-0.000432766,0.055667463,-8.50E-05
npi247,0.130974948,-0.000192774,0.076316196,-0.000497042,-0.189959417,0.000136941
gpm71,0.017080336,-0.000503922,-0.07966491,-0.000100219,-0.004912604,-0.00022988
gpm717c,0.090806762,0.000872001,-0.083888343,7.48E-05,0.014109821,-0.000786324
IDP1625,0.023849814,0.000192029,0.122978146,0.000911829,-0.085773149,0.000542741
umc49a,0.11948349,0.000467396,0.197349964,-3.19E-05,0.10115155,1.11E-05
IDP532,0.133910472,-0.000809728,0.146976213,0.000707646,-0.042498614,-0.000322655
gpm903b,-0.058376458,0.000183183,0.000764556,-0.000482481,0.113012765,-0.00048758
AI676903,0.111578456,-5.53E-05,0.060700269,-0.000462303,0.02932766,0.000959874
cyp6,0.168093781,0.000442051,0.116480049,-9.75E-05,0.17047056,0.000747162
gpm125,0.027169442,0.000751668,-0.001318131,0.000207007,0.089071375,0.000860867
gpm921a,0.138554193,-0.000799987,-0.007283479,-0.00089813,0.080448845,-5.51E-05
mmp162,0.077309778,0.000664297,-0.01354393,0.00062365,0.190378238,0.000197753
IDP469,-0.079815656,-0.000124005,0.171831464,0.000325352,0.114148571,-0.000841988
IDP1466,-0.121867365,-0.000113765,0.087406589,2.32E-05,-0.040707147,-0.000123856
IDP1457,-0.100983638,0.000897887,0.120305403,0.000964176,-0.110324348,-0.000943057
sdg104,0.05009339,0.00054139,0.033426766,-0.000458718,0.060952291,-0.000625948
gpm855,-0.112792646,0.000535652,-0.136846078,0.000327371,0.172733192,-0.000203922
IDP52,0.078556171,-0.000553661,0.014163969,0.000478268,0.065740192,2.63E-05
sdg108b,0.180701938,-0.000215137,-0.071851884,-0.00078751,0.050219587,0.000865008
IDP741,0.115423263,-0.00040157,-0.030352153,0.000891519,0.04758013,-0.000785757
gpm31b,-0.140769132,0.000450108,0.011308701,-0.000658241,-0.158318279,-0.000307815
gpm155,-0.022897503,-0.000188099,-0.03942946,-0.000448446,-0.199724633,-0.000971667
IDP2400,0.163874018,0.000572766,0.12307821,-0.000146776,0.049736636,-0.000873304
nfa102b,0.086746259,-0.000173259,0.151634583,-0.000507811,0.136837548,-0.000849529
psr144a,-0.186655047,0.00058265,0.119655734,-0.00034081,-0.131212574,-0.000231726
gpm920,-0.154542172,-0.000547894,0.119884055,-0.000476712,0.081413635,0.000297243
gpm257d,-0.0833953,-0.000901711,-0.166792275,0.000194648,-0.045298909,0.000624381
gpm651a,0.157552107,0.000745034,0.093391626,0.000793542,0.147103772,0.000514595
umc2300,0.143776888,-5.16E-05,0.06499013,0.000924309,0.160939383,-0.000814914
npi220a,0.05016538,-0.000566709,-0.150873178,-0.000844251,0.149243425,0.000307704
bnlg1890,0.164655005,-0.000995097,-0.125386952,-0.000357003,0.175153582,-0.000580034
IDP644,-0.072658968,-5.76E-05,0.133730396,0.00013445,0.022869618,-0.000868664
IDP69,0.13876589,-0.000449496,0.116820587,0.000866291,-0.118547467,-0.000552032
gpm187b,0.194902146,-6.28E-05,-0.10286688,0.000464902,0.024097541,-0.000776358
rz596b,0.131366092,-0.000365386,0.055952835,-0.000428925,0.074486045,0.000722779
rz538b,-0.122841781,-1.45E-05,-0.038136313,-0.000232605,0.084715301,0.000766805
umc1446,-0.075321608,0.0005747,-0.04857449,-0.000434626,0.039125627,-0.000155783
AY109876,0.129479168,0.000469745,0.132970325,-0.000700399,0.188632502,-0.000508664
gta101c,-0.172956059,-0.000353728,0.119479785,-0.000933905,-0.13411489,-0.000471467
npi427a,0.018477433,0.000534651,-0.163145667,0.0007737,-0.199690588,-0.000164104
umc1998,0.152040063,0.000355449,0.013117759,-0.000737765,0.125258312,0.000490182
gpm344b,0.167256222,-0.000676784,0.090828439,0.000487022,-0.156654866,-0.000900775
pmg1,0.139070129,-0.000439163,0.199760958,-0.00033847,-0.136071667,-0.00078911
umc2335,-0.051362825,-0.000453863,0.146934688,0.000302502,-0.151142012,-0.000536991
umc1676,0.144337464,-0.000569022,-0.086865499,0.000808902,-0.029774771,5.41E-05
AY111834,0.169684138,0.000817933,0.145090423,0.000883871,-0.071717227,0.000569871
IDP3918,-0.196266852,0.000970855,-0.102837171,0.000193819,0.026696327,-0.00059985
umc2302,-0.112467515,-0.000603615,-0.043752535,0.000937766,0.159874502,-0.000112505
IDP143,0.026532139,0.000253638,0.067434515,-0.000704936,-0.058279154,0.000905651
mmp69,-0.028526891,-0.00091156,0.159172182,0.000928504,-0.1199564,0.000195344
isu115,-0.00332211,-0.000563836,-0.190826854,0.000257571,0.102970246,0.000437828
jpsb485b,0.153752488,-0.000753835,0.19345467,0.000151271,0.012508976,-0.000816115
umc2309,-0.153124406,0.000872603,0.111829388,-0.000250403,-0.152380609,0.000761881
AY107034,0.08569741,0.000535148,-0.021956898,0.000938184,0.048537062,-0.000679233
gpm838a,-0.054508326,0.000229955,0.039847592,-0.000592732,-0.150487814,-0.000872303
gpm308b,-0.006677076,0.000988947,0.053564433,-8.74E-05,0.008282467,-0.000967396
gpm417,-0.002471821,-0.00028889,0.095820131,-0.000274727,-0.194846033,0.000748776
sdg102a,-0.025536138,0.00081202,-0.002126511,-0.000460701,-0.046086704,0.000322274
IDP2435,-0.025297533,0.000929053,0.01078105,-0.000614281,-0.052002144,-0.000279601
mmp68,0.088822023,-0.000667704,-0.002583916,-0.00083003,0.149008542,-0.000603762
IDP1451,0.048699989,-0.000205896,-0.155858429,-0.000684777,0.102075744,-0.000988945
gpm79a,0.152234895,1.71E-05,-0.195323106,0.000968986,0.109571831,-0.000616392
AY110060,0.184948239,-0.000452785,0.028559013,-0.000969307,0.085086132,0.000696792
bnlg2235,0.176203563,-0.000131796,-0.179878569,0.000496688,-0.168728117,-0.000336005
uck1,0.151050287,-0.000806766,0.014972414,-0.000448106,-0.037027904,-0.000607244
AY110426,-0.007737994,-0.00017087,-0.147338456,0.000584755,-0.167421221,0.000252335
gpm844,-0.134179874,-0.000885508,-0.188729161,0.000288089,-0.141154272,-0.000596669
gpm383c,0.084928961,0.000219093,0.130205573,-0.000575118,0.114206511,0.000414069
bnlg1360,-0.12266318,0.000265877,0.02822925,0.000238849,0.129387132,0.000452863
umc1708,0.06537649,0.000213733,0.092775555,0.000567965,-0.04851209,-0.000946694
zpu1,0.121980519,-0.000671888,-0.181608701,0.000211449,-0.077895132,-0.000643479
gpm753b,-0.058033148,0.000353231,0.029792904,0.000179473,-0.111574948,-0.000762362
umc2146,-0.166918454,-0.000966613,0.134190118,-0.000448356,0.160933747,0.000481198
AY104289,-0.071513356,-0.000711609,0.158708456,0.000259929,0.017008134,0.000815086
IDP198,-0.078237038,0.000888187,0.089395932,-0.000383174,0.090817441,-0.000875971
AY110100,0.123881483,0.000215601,-0.114174398,0.000391163,-0.192756608,-2.49E-07
gpm503,0.156259714,-0.00051737,-0.198165798,-0.000472761,-0.158701679,-0.000388942
ufg14,-0.17407004,0.000142021,-0.192534779,-0.000502076,0.037737053,-0.000770206
gpm555,0.168461727,0.000424631,0.079826009,0.000197657,0.034384438,-0.000275538
gpm346c,0.102467846,0.000321091,0.083224771,-0.000168573,-0.042059837,-0.000730773
IDP360,0.124621178,-0.00019425,0.023407579,-0.000779624,-0.006161812,0.000700924
gpm649,-0.041493071,0.000686788,-0.09844721,0.000573071,0.011669841,0.000978482
mmp154a,0.191106971,-0.0001555,-0.024272684,-0.000148064,0.141171126,0.000220514
sbp4,0.136237637,-0.000858741,-0.163826794,-0.000943627,0.11751626,-8.20E-05
IDP1430,-0.128047484,0.000127046,-0.094674811,-0.000603148,0.18214204,-2.48E-05
gpm6,0.199616512,-0.000477282,-0.121198274,-0.00044377,0.121478659,-0.000757523
chb102,0.023961319,0.000832821,-0.069534217,-0.000527918,0.001115311,-0.000277769
chr118,-0.137294071,-0.000824786,0.116440352,0.00053738,-0.158075211,-0.000525542
BE639426,-0.025953685,-0.000613947,-0.088589043,-9.87E-05,0.023885665,0.00098258
AY110314,-0.176742488,-0.000641692,0.035474808,0.000765258,0.02069526,-0.000494357
lim101,0.128650188,0.000137952,0.077082163,-0.00091085,-0.068961561,0.000340176
IDP2412,-0.035995551,-0.00090793,0.086518593,-0.000128169,-0.059777908,0.000234179
ufg47,-0.025649451,-0.000605815,-0.153606805,-0.000645394,0.081703173,-3.44E-05
IDP707,-0.092122574,-0.000701219,-0.081959972,8.76E-05,-0.105078142,-0.000702183
gpm621,0.111545992,0.000776938,0.185858235,-0.000729787,0.147747677,0.000728397
AY109828,-0.107447415,0.000185749,-0.060623043,0.00045366,0.15802649,-0.000492732
sdg119,0.150663127,-3.77E-06,-0.070009785,-0.000350495,0.009751709,0.000761914
umc1967,0.18507942,-0.000132842,-0.152410379,-0.000483579,0.06120463,0.000296089
umc2314,0.048379877,-0.00073481,-0.19291119,0.000288424,0.091097996,-1.08E-05
ufg60,-0.077967964,0.000442489,-0.184125712,0.000532848,0.105660357,-0.000770555
gpm281b,0.087622832,-0.000776786,0.061707762,-0.000821557,0.185872879,0.000345419
rz244b(d,0.155411119,-8.39E-05,0.027057959,0.000978099,0.008573006,-0.000838459
gpm287a,0.151841168,-0.000904081,-0.030398541,-0.000942502,-0.196239464,0.000955162
gpm192,-0.110632785,0.00052335,-0.029750369,-0.00072531,-0.168442707,-0.000652417
gpm79d,0.134784522,-0.000161295,0.142300082,0.000276466,0.094827112,-0.000415856
IDP57,-0.10234677,0.000886475,0.180239807,1.73E-05,0.116671444,-0.000973587
npi407,0.005238038,-0.000849059,0.134824784,0.00064394,0.144893548,0.000180853
bnlg2233,-0.002177623,0.000477026,-0.079245939,0.000628885,0.001737675,0.000387195
umc1685,-0.188515396,0.000489936,-0.163704297,0.000643544,-0.009329448,-0.000561747
mmp50,0.04158482,0.00099748,0.137705881,-0.000704129,0.051131225,-0.000571785
agrr37c,-0.107282207,-0.00052847,0.038544684,-0.000562856,0.174020865,-0.000617497
gpm257s,0.112747345,7.57E-05,-0.060758197,-0.000421802,0.127712762,0.000929872
IDP3856,-0.05437371,0.000945807,-0.059337249,0.00079569,-0.005573104,-0.000847961
lim179,0.123646129,-0.000343784,0.177700653,0.00037254,-0.048066748,0.000936591
umc1976,0.049853024,1.17E-05,0.035505461,0.000132196,0.03593576,-0.000194166
umc1111,-0.107476296,-0.000761528,0.104965025,-0.000432943,0.108192114,0.000274583
IDP3862,-0.115546927,0.000635021,-0.195086976,-0.000985329,-0.177625507,0.000263126
AY105043,0.165833164,0.000885373,-0.123096596,-0.000125982,-0.129314733,0.000106029
IDP333,-0.14632902,-0.000973411,-0.191462474,-0.000112206,-0.005720005,-0.000272635
umc257,-0.018098102,0.000428631,-0.111398566,-0.000827987,-0.100134619,-0.000357008
bnlg1651,0.166134127,0.000701145,0.093278789,0.000604838,0.181809468,0.000279413
gpm298,0.141545522,7.14E-06,0.109073991,-0.00069577,0.189974361,-0.000521915
gpm748a,0.026911058,-0.000646965,-0.018264879,0.000186596,-0.080259956,-0.000377915
umc56,0.155336503,-0.000416707,-0.022983602,0.000278402,-0.067235402,-0.000476589
IDP122,0.112462335,-0.000562662,0.081086482,-0.000546523,0.145671527,-0.000831948
mmp169,0.021341646,0.00087273,0.162389423,0.000946033,0.091204291,0.000532322
gpm841,0.173821239,-0.000665214,-0.04621134,0.000550621,0.073268158,-5.79E-05
mmp1,0.183924057,-0.000906726,-0.160821269,-0.000249762,0.133735626,0.000444582
psr128,-0.074981593,0.000626607,0.066666442,0.000626126,0.098997543,0.000232931
csu332,0.049596965,0.000372363,-0.045494389,0.000469976,0.06976957,-9.83E-05
isu58a,-0.072715544,0.000516854,0.151700361,-0.00099044,0.048342722,0.000596034
umc1991,-0.013905357,-0.000297861,0.106352022,0.00077652,0.12209882,-0.000942253
gpm366,0.192304429,-0.00019805,0.177235696,-0.000427122,-0.136190489,-0.000552639
IDP2453,0.051712334,0.000949052,0.131058594,-0.000679935,-0.173876843,0.000270467
gpm832,-0.142617146,-0.000601168,0.014031568,0.000535239,0.06221139,-0.000943489
asg64,-0.172114314,0.000772871,-0.181396839,-6.40E-05,-0.101420792,-0.000492113
umc1129,0.02407633,-0.000465606,0.004260219,0.000617132,0.080635542,0.000694479
bnlg1371,0.023575123,0.000557057,0.132827048,-0.000839964,0.137365982,-0.000160617
IDP1654,0.044125157,-2.25E-05,-0.192453973,-0.000906724,-0.154326724,0.000905311
AY109575,-0.043966622,0.000729469,0.045717077,0.000819891,0.129795047,-0.000513076
umc2355,-0.169999914,5.81E-05,-0.196949142,0.000189392,0.130945919,-0.000353476
