,Cycle,A1,A2,A3,A4,A9,A10,A11,A12,A13,A14,A15,A16,A17,A18,A19,A20,B5,B6,B7,B8,C1,C2,C3,C4,C9,C10,C11,C12,C13,C14,C15,C16,C17,C18,C19,C20,D5,D6,D7,D8,E1,E2,E3,E4,E9,E10,E11,E12,E13,E14,E15,E16,E17,E18,E19,E20,F5,F6,F7,F8,G1,G2,G3,G4,G9,G10,G11,G12,G13,G14,G15,G16,G17,G18,G19,G20,H5,H6,H7,H8,I1,I2,I3,I4,I9,I10,I11,I12,I13,I14,I15,I16,I17,I18,I19,I20,J5,J6,J7,J8,K1,K2,K3,K4,K9,K10,K11,K12,L5,L6,L7,L8,P1,P2,P3,P4,P9,P10,P11,P12
,1,2932.30,3001.70,2956.80,2992.07,2869.68,2897.77,2946.77,2971.75,2965.71,2936.38,2919.86,2912.85,2896.72,2888.93,2913.78,2845.63,3078.80,3078.15,3074.88,3058.82,2975.14,2957.68,2969.20,2969.54,2838.96,2879.69,2865.66,2860.05,2881.93,2886.60,2880.75,2854.50,2850.06,2868.40,2801.15,2852.14,3070.72,3084.06,3069.28,3070.69,2947.22,2967.49,2959.33,2971.28,2824.02,2867.46,2828.81,2856.97,2840.75,2879.41,2846.34,2845.39,2825.80,2839.79,2826.80,2801.46,3067.23,3044.07,3086.54,3082.38,2973.34,2975.38,2972.47,2993.63,2827.15,2870.27,2815.71,2867.58,2797.29,2839.13,2811.86,2810.96,2798.99,2770.38,2814.62,2808.99,3011.72,3052.04,3067.42,3008.62,2955.37,2985.86,2925.57,2994.26,2851.67,2849.04,2856.73,2829.72,2793.86,2816.52,2808.82,2805.01,2798.82,2821.73,2802.80,2794.53,3066.96,3014.97,3043.53,3048.83,3018.53,3002.80,2969.08,2956.17,2841.50,2864.22,2842.76,2816.18,3097.67,3072.05,3060.98,3076.55,3032.63,3078.36,3106.96,3063.70,2993.83,2907.36,2977.41,2937.52
,2,2932.14,2997.84,2958.42,2993.65,2868.02,2894.31,2943.38,2976.36,2967.42,2932.37,2919.27,2917.00,2901.40,2888.47,2916.55,2850.28,3077.66,3080.96,3078.23,3059.50,2970.78,2957.77,2962.95,2968.78,2839.50,2875.63,2859.53,2855.86,2878.00,2877.11,2878.02,2846.79,2851.73,2864.83,2805.38,2855.19,3063.09,3080.44,3067.19,3068.01,2947.20,2966.04,2965.13,2966.29,2823.16,2865.35,2832.22,2851.88,2836.93,2877.40,2850.47,2846.78,2822.46,2842.35,2827.84,2798.96,3064.35,3044.63,3087.43,3084.89,2971.56,2971.09,2968.89,2989.31,2822.07,2868.96,2816.35,2867.69,2802.35,2833.01,2807.83,2808.85,2798.20,2768.15,2812.56,2803.65,3008.04,3051.30,3066.36,3010.39,2956.77,2986.97,2920.17,2993.51,2849.03,2849.17,2854.85,2828.04,2790.55,2817.23,2809.68,2803.74,2802.34,2824.01,2804.77,2795.00,3070.20,3014.24,3041.37,3047.21,3017.57,2997.52,2966.26,2956.89,2839.00,2863.26,2844.31,2813.37,3091.76,3071.34,3058.94,3074.00,3033.27,3074.36,3107.65,3062.09,2994.91,2905.55,2980.29,2937.82
,3,2935.37,3000.09,2952.32,2993.21,2873.95,2893.41,2944.34,2971.99,2966.53,2935.81,2920.61,2913.51,2899.85,2892.56,2917.31,2849.12,3079.90,3081.93,3081.13,3065.34,2971.43,2954.12,2960.84,2967.77,2836.62,2876.07,2861.29,2854.84,2880.99,2882.68,2880.15,2849.14,2853.21,2866.77,2801.97,2855.52,3064.53,3086.10,3065.46,3066.73,2948.38,2965.75,2964.66,2967.29,2820.28,2866.78,2826.79,2852.56,2838.90,2879.19,2845.08,2842.84,2825.94,2839.62,2830.36,2801.47,3064.95,3037.55,3087.30,3086.15,2974.76,2968.34,2965.15,2992.07,2820.43,2866.57,2817.41,2867.93,2799.47,2831.16,2809.70,2808.20,2800.54,2769.02,2815.73,2807.62,3008.69,3050.44,3062.92,3010.55,2953.12,2988.93,2919.27,2993.45,2848.22,2848.56,2858.63,2827.98,2790.47,2811.26,2807.26,2801.90,2802.24,2828.62,2802.26,2795.76,3063.63,3008.78,3036.84,3048.22,3018.59,3000.78,2971.06,2954.75,2839.54,2866.37,2839.39,2814.29,3093.46,3067.31,3054.97,3076.16,3033.27,3075.54,3104.77,3061.36,2996.78,2908.96,2982.46,2938.04
,4,2938.76,2999.52,2960.55,2996.16,2874.33,2900.49,2946.00,2976.35,2970.04,2938.00,2923.07,2925.14,2902.43,2894.91,2918.96,2853.87,3090.30,3092.57,3090.17,3074.41,2969.42,2955.26,2957.01,2966.44,2838.66,2872.05,2860.41,2858.06,2881.37,2883.30,2879.62,2850.54,2857.84,2868.39,2806.97,2854.43,3068.28,3080.84,3066.54,3069.88,2946.87,2962.79,2960.54,2964.94,2821.41,2864.27,2826.77,2849.67,2836.79,2873.76,2847.70,2843.28,2825.51,2843.18,2829.68,2805.27,3065.62,3042.05,3086.11,3082.94,2967.86,2973.11,2966.40,2991.88,2825.19,2868.14,2816.72,2868.07,2802.06,2830.90,2807.63,2810.86,2804.10,2774.57,2816.90,2809.11,3009.43,3051.62,3062.99,3005.76,2958.52,2985.74,2920.32,2992.04,2847.84,2847.35,2858.30,2828.60,2788.85,2814.74,2807.97,2801.38,2806.11,2826.62,2806.48,2796.80,3070.50,3011.96,3042.49,3047.15,3016.04,2994.26,2967.46,2954.91,2837.09,2863.02,2843.44,2817.39,3092.21,3069.12,3058.71,3074.79,3035.41,3074.65,3105.01,3061.91,2992.68,2905.88,2981.76,2936.28
,5,2940.03,3002.73,2959.46,2995.21,2877.46,2901.29,2951.56,2979.00,2972.54,2940.25,2927.72,2922.84,2908.83,2899.98,2921.67,2857.25,3098.32,3103.47,3100.53,3084.50,2971.82,2955.30,2962.72,2965.07,2843.08,2878.16,2860.19,2856.92,2887.02,2887.75,2882.14,2857.47,2861.36,2873.51,2809.88,2860.06,3067.45,3088.34,3070.61,3071.15,2945.21,2960.26,2961.37,2964.01,2817.66,2862.56,2824.48,2853.46,2837.29,2881.09,2849.22,2843.05,2833.17,2846.86,2834.05,2812.61,3064.08,3038.31,3084.68,3081.07,2970.70,2969.80,2967.69,2994.05,2819.77,2866.45,2815.31,2866.12,2799.36,2834.73,2805.64,2808.53,2809.06,2775.37,2823.28,2812.61,3006.21,3049.99,3065.17,3003.16,2952.80,2982.27,2916.49,2991.93,2852.26,2846.35,2852.76,2829.08,2789.59,2814.39,2812.57,2803.19,2813.48,2836.92,2813.17,2806.53,3066.94,3017.57,3040.43,3046.56,3015.88,2994.54,2962.28,2954.42,2831.65,2861.95,2839.39,2815.76,3092.22,3066.60,3054.40,3070.12,3037.71,3074.64,3109.99,3063.73,2992.68,2905.37,2978.72,2933.57
,6,2942.87,3006.42,2960.25,2999.58,2884.78,2911.62,2962.43,2989.24,2980.47,2948.68,2935.83,2929.43,2915.68,2905.75,2931.87,2863.26,3119.60,3122.30,3124.68,3108.26,2968.25,2953.46,2957.57,2964.18,2835.44,2872.66,2859.79,2857.96,2889.39,2888.85,2883.81,2859.60,2871.21,2884.50,2816.58,2874.52,3070.51,3088.26,3069.22,3070.88,2944.17,2957.46,2961.61,2969.22,2820.73,2864.42,2827.85,2851.21,2835.40,2880.67,2847.15,2846.31,2840.48,2853.17,2844.22,2815.81,3065.90,3042.95,3082.54,3086.00,2968.96,2973.02,2967.49,2989.49,2819.87,2866.63,2816.11,2869.88,2801.81,2836.39,2810.33,2809.53,2813.99,2779.74,2828.92,2823.70,3004.01,3048.30,3062.82,3009.04,2952.80,2983.86,2916.20,2992.18,2845.47,2847.61,2854.92,2825.87,2789.85,2811.12,2806.92,2796.48,2816.86,2842.50,2818.59,2813.69,3066.52,3011.59,3041.20,3047.00,3014.98,2996.07,2963.50,2951.59,2834.84,2859.66,2837.49,2813.76,3091.40,3071.12,3056.12,3069.29,3041.99,3075.65,3108.59,3065.37,2993.72,2908.01,2983.61,2935.02
,7,2942.26,3009.15,2965.34,3004.59,2889.32,2922.69,2969.19,3002.35,2993.44,2960.36,2942.72,2944.78,2931.54,2915.90,2942.22,2876.84,3142.17,3146.60,3143.02,3134.29,2973.54,2951.47,2961.19,2968.91,2836.36,2876.01,2860.11,2860.38,2897.64,2894.67,2890.46,2866.50,2881.99,2896.56,2829.75,2885.80,3075.36,3093.53,3076.00,3073.78,2944.89,2962.44,2961.66,2964.52,2818.16,2863.81,2823.42,2851.05,2842.03,2885.97,2851.30,2851.79,2850.73,2869.87,2854.20,2829.11,3063.29,3040.99,3080.34,3082.21,2967.63,2966.49,2966.92,2989.07,2821.32,2867.95,2818.04,2871.53,2802.62,2832.91,2811.81,2812.33,2830.96,2793.36,2845.33,2838.37,3004.15,3050.59,3066.84,3006.72,2952.72,2981.82,2917.60,2992.64,2852.30,2843.29,2853.20,2828.11,2793.06,2815.24,2807.48,2803.29,2825.43,2854.95,2828.52,2824.68,3064.06,3019.29,3040.83,3049.52,3015.00,2996.34,2965.84,2953.74,2834.96,2864.13,2841.09,2812.28,3090.02,3066.73,3055.89,3071.70,3037.73,3080.36,3104.10,3060.70,2993.62,2905.82,2980.01,2936.71
,8,2948.51,3012.04,2970.55,3005.75,2909.45,2938.00,2985.49,3018.12,3010.58,2975.29,2959.69,2960.51,2940.76,2931.75,2962.25,2889.26,3184.07,3187.44,3182.66,3166.98,2970.01,2952.41,2961.36,2969.75,2841.75,2882.46,2864.46,2864.23,2903.47,2908.64,2898.55,2873.27,2901.05,2913.97,2846.55,2903.59,3083.85,3100.13,3077.22,3078.48,2941.22,2965.04,2960.52,2969.68,2819.56,2864.63,2825.18,2845.98,2845.02,2890.16,2854.45,2857.76,2870.90,2887.66,2875.00,2848.55,3064.47,3039.58,3087.53,3081.69,2968.14,2967.79,2965.02,2990.53,2818.38,2870.64,2813.02,2863.76,2804.22,2837.01,2809.61,2810.91,2842.72,2810.84,2863.91,2857.31,3004.73,3048.92,3065.01,3008.10,2951.66,2981.42,2915.18,2989.28,2846.19,2843.45,2848.35,2828.30,2787.07,2813.15,2808.57,2800.10,2846.34,2877.87,2848.52,2844.89,3068.60,3013.18,3037.94,3046.49,3016.80,2995.65,2964.03,2951.13,2833.15,2861.88,2836.48,2812.49,3092.09,3067.97,3055.22,3070.64,3036.17,3075.85,3111.82,3063.02,2993.19,2905.20,2980.43,2934.66
,9,2951.83,3021.97,2977.58,3014.46,2926.89,2958.67,3007.09,3035.67,3029.84,2994.26,2979.65,2980.19,2960.24,2953.88,2978.79,2907.52,3226.60,3231.72,3230.64,3218.61,2972.52,2957.31,2963.11,2976.05,2847.58,2886.32,2870.79,2870.06,2917.74,2921.93,2912.97,2891.79,2921.65,2942.51,2871.77,2929.37,3095.92,3110.32,3095.95,3094.48,2940.95,2962.47,2956.46,2968.81,2823.64,2868.53,2820.55,2847.42,2851.34,2900.29,2861.90,2860.36,2895.62,2915.81,2903.51,2876.91,3064.12,3042.05,3089.25,3086.53,2965.85,2968.77,2965.10,2991.82,2822.71,2868.82,2811.05,2864.80,2810.51,2841.49,2818.29,2820.30,2872.53,2834.96,2884.17,2885.47,3008.19,3048.57,3066.26,3011.09,2947.77,2979.15,2912.92,2988.06,2847.82,2849.40,2853.46,2828.95,2790.56,2811.72,2808.82,2801.62,2874.34,2903.33,2877.75,2872.81,3064.82,3018.65,3043.92,3046.79,3014.89,2992.62,2962.31,2952.10,2833.05,2859.11,2836.24,2810.97,3088.87,3070.59,3057.88,3068.04,3031.51,3072.59,3107.51,3063.87,2991.80,2902.88,2981.42,2934.35
,10,2962.92,3033.84,2982.04,3023.78,2946.33,2983.64,3030.18,3060.28,3053.67,3018.21,3005.17,3004.81,2979.13,2978.93,3000.17,2928.40,3277.89,3284.23,3279.49,3262.43,2970.89,2956.22,2968.61,2976.90,2853.37,2894.02,2873.82,2875.77,2933.42,2938.18,2925.71,2906.42,2948.93,2974.64,2898.66,2955.28,3111.17,3128.40,3107.77,3108.57,2941.51,2961.12,2959.65,2964.55,2819.42,2870.84,2827.84,2849.75,2859.48,2911.07,2873.62,2866.07,2928.88,2948.50,2934.49,2906.45,3067.83,3045.05,3094.81,3082.15,2965.76,2967.55,2965.45,2990.69,2817.25,2869.48,2814.25,2868.18,2813.11,2845.71,2816.41,2821.51,2902.62,2866.26,2918.90,2920.30,3005.09,3049.87,3069.83,3007.35,2949.17,2980.57,2912.62,2991.03,2843.68,2847.48,2851.79,2827.88,2788.35,2815.58,2809.41,2802.40,2906.63,2944.87,2912.49,2912.59,3067.41,3016.52,3041.84,3047.58,3018.15,2993.48,2965.01,2952.58,2835.11,2865.81,2839.39,2810.90,3092.65,3068.63,3057.55,3070.40,3034.41,3076.30,3104.03,3062.73,2992.21,2909.15,2986.11,2935.44
,11,2966.84,3040.20,2993.82,3029.41,2972.87,3010.41,3059.87,3088.56,3084.04,3045.20,3026.17,3033.89,3007.58,3005.98,3030.36,2954.39,3337.70,3343.42,3340.52,3324.11,2976.17,2963.45,2969.00,2977.31,2864.06,2908.36,2889.93,2890.90,2952.80,2956.65,2953.54,2928.47,2982.13,3007.84,2928.80,2996.77,3140.66,3158.27,3141.38,3135.29,2938.72,2963.02,2963.51,2969.21,2822.23,2871.11,2824.24,2851.67,2872.76,2925.71,2884.07,2877.48,2959.40,2993.99,2980.56,2941.40,3076.11,3046.55,3097.91,3093.54,2965.00,2966.55,2960.28,2988.00,2818.44,2870.06,2813.61,2861.96,2814.43,2850.24,2818.94,2824.34,2934.51,2901.97,2953.87,2955.54,3006.42,3054.55,3069.40,3010.60,2947.69,2980.70,2912.05,2989.33,2845.59,2849.53,2847.09,2823.75,2786.60,2817.09,2808.98,2802.47,2943.76,2984.75,2952.77,2952.47,3061.06,3011.69,3040.75,3046.88,3012.39,2991.03,2963.42,2948.44,2829.78,2860.78,2835.16,2808.27,3094.53,3072.59,3061.34,3072.53,3034.87,3079.68,3104.80,3058.37,2993.55,2904.81,2981.02,2935.70
,12,2978.53,3052.24,3003.97,3040.29,2997.99,3043.64,3083.90,3119.99,3117.88,3076.38,3059.48,3067.34,3035.65,3031.22,3051.69,2978.51,3398.97,3404.48,3401.46,3384.48,2986.12,2970.97,2976.43,2987.27,2884.17,2931.59,2910.96,2912.48,2976.06,2977.85,2971.13,2948.53,3016.73,3050.96,2963.27,3034.07,3179.86,3204.44,3180.97,3185.44,2941.39,2962.88,2960.97,2967.63,2826.68,2874.22,2827.65,2853.08,2885.82,2934.86,2895.35,2891.02,3004.21,3032.64,3020.38,2983.02,3076.40,3052.88,3106.49,3097.75,2961.87,2966.08,2962.51,2987.23,2820.80,2868.79,2811.51,2867.15,2824.96,2859.19,2832.28,2836.82,2977.55,2936.57,3001.63,3003.33,3004.36,3055.09,3071.83,3008.77,2952.83,2977.05,2915.22,2991.63,2843.76,2845.36,2847.17,2823.55,2784.62,2819.96,2811.05,2803.57,2988.50,3036.00,2996.76,3001.48,3068.82,3017.83,3043.41,3051.31,3015.80,2994.52,2962.06,2953.03,2829.92,2864.64,2835.51,2810.59,3097.28,3071.14,3063.39,3072.35,3038.24,3079.91,3109.18,3063.37,2996.23,2905.88,2983.75,2935.28
,13,2983.34,3061.16,3009.14,3051.19,3032.43,3067.33,3119.91,3155.27,3153.84,3106.82,3094.75,3103.52,3064.91,3068.68,3088.69,3009.23,3458.18,3467.22,3464.88,3454.95,2990.96,2973.98,2981.09,2989.03,2908.02,2958.16,2939.00,2938.87,3001.36,3003.46,2994.72,2969.46,3058.53,3093.85,3004.97,3076.40,3234.76,3261.11,3234.47,3234.61,2942.56,2961.86,2962.99,2970.04,2832.51,2885.70,2836.06,2860.87,2901.39,2947.60,2910.24,2902.57,3039.55,3081.80,3067.25,3025.65,3086.78,3068.75,3118.45,3107.95,2965.06,2964.49,2962.92,2984.52,2824.67,2873.25,2813.95,2863.33,2832.94,2867.09,2840.93,2842.08,3017.08,2976.44,3045.03,3049.61,3005.05,3053.47,3070.90,3012.91,2945.41,2977.81,2916.50,2985.24,2840.11,2849.32,2847.07,2819.04,2785.58,2820.20,2814.69,2810.53,3037.29,3086.59,3046.79,3048.80,3068.14,3015.09,3039.10,3048.99,3013.73,2995.23,2960.96,2950.62,2830.75,2854.45,2834.06,2808.39,3091.76,3071.70,3056.22,3072.03,3034.83,3079.34,3108.61,3062.86,2993.62,2906.21,2984.84,2938.23
,14,2993.44,3073.15,3020.96,3057.23,3066.76,3112.17,3152.07,3195.76,3191.37,3144.47,3134.27,3136.25,3101.99,3100.44,3125.12,3045.28,3530.16,3536.30,3536.83,3525.01,2996.91,2980.06,2990.70,2997.79,2938.09,2986.82,2965.31,2971.09,3024.47,3032.36,3025.29,2997.86,3104.22,3139.26,3046.10,3125.01,3294.78,3324.87,3299.48,3294.11,2945.37,2964.65,2964.98,2969.97,2840.73,2890.22,2843.57,2869.20,2915.19,2967.04,2923.95,2918.16,3084.78,3132.02,3117.77,3074.15,3110.09,3086.41,3137.71,3127.12,2961.10,2967.14,2964.68,2987.08,2818.94,2872.03,2812.99,2866.35,2838.82,2872.90,2846.08,2853.81,3065.83,3019.90,3091.15,3097.43,3010.35,3054.62,3075.81,3016.37,2947.24,2982.79,2914.16,2989.67,2840.81,2847.33,2851.88,2822.47,2779.67,2825.27,2815.96,2811.92,3088.53,3142.39,3099.53,3104.83,3069.66,3013.59,3043.74,3049.31,3014.40,2990.87,2963.75,2950.09,2830.63,2860.49,2835.45,2806.87,3092.28,3071.26,3058.41,3071.63,3037.02,3077.56,3108.01,3060.75,2994.05,2909.05,2981.61,2938.74
,15,3007.62,3080.85,3028.79,3069.55,3096.68,3150.86,3189.50,3233.84,3229.98,3179.15,3170.71,3177.44,3141.35,3135.65,3161.40,3074.68,3600.70,3604.59,3606.41,3594.83,3007.52,2993.19,2999.74,3010.43,2968.55,3023.09,2999.26,3008.65,3050.73,3060.95,3044.03,3023.01,3143.32,3187.02,3088.77,3170.97,3362.52,3398.04,3368.67,3369.29,2949.04,2969.82,2970.44,2975.44,2850.75,2907.62,2853.08,2885.65,2933.73,2993.09,2942.64,2936.75,3136.97,3188.48,3173.18,3124.19,3148.23,3119.65,3170.69,3151.86,2965.76,2970.36,2963.65,2991.90,2823.33,2873.58,2814.49,2870.15,2853.68,2887.28,2856.02,2859.36,3114.16,3065.72,3140.70,3153.13,3013.61,3060.84,3082.50,3019.88,2948.08,2981.42,2912.21,2988.71,2842.20,2846.87,2849.05,2819.59,2785.19,2826.06,2820.12,2812.16,3137.86,3203.35,3148.51,3160.16,3067.15,3015.75,3048.81,3054.26,3014.83,2993.49,2964.74,2950.61,2829.71,2858.71,2837.00,2807.37,3097.12,3071.53,3058.16,3073.18,3034.42,3077.15,3109.55,3064.86,2995.39,2908.95,2982.92,2938.39
,16,3018.03,3090.59,3034.23,3077.69,3130.69,3185.91,3226.17,3268.94,3269.77,3213.57,3204.16,3216.31,3173.92,3172.99,3194.19,3110.69,3668.46,3673.65,3674.00,3668.35,3020.40,2999.83,3010.45,3021.18,3001.94,3064.37,3042.52,3046.47,3083.81,3089.08,3076.91,3052.53,3192.56,3239.56,3129.31,3225.77,3428.82,3472.47,3438.21,3437.44,2953.46,2973.84,2973.10,2983.53,2877.90,2934.96,2877.31,2911.34,2951.62,3012.36,2958.18,2946.54,3184.80,3239.89,3220.98,3177.48,3196.37,3166.34,3221.93,3198.81,2965.46,2969.99,2965.00,2989.44,2827.68,2878.54,2822.56,2878.57,2862.12,2896.40,2867.53,2872.98,3166.26,3114.98,3199.38,3208.72,3021.15,3071.92,3090.39,3031.72,2947.29,2981.26,2912.08,2986.85,2846.72,2847.14,2849.40,2823.40,2781.15,2829.52,2823.93,2819.43,3193.44,3261.78,3208.93,3218.14,3069.66,3018.58,3045.11,3051.81,3013.10,2994.71,2964.70,2950.70,2827.44,2859.15,2838.11,2808.09,3093.57,3075.24,3060.99,3073.17,3035.19,3082.90,3107.48,3063.88,2997.14,2906.19,2982.46,2940.51
,17,3028.62,3103.77,3046.11,3091.61,3175.48,3230.16,3265.52,3313.26,3310.75,3254.23,3244.41,3256.28,3213.52,3211.51,3232.61,3144.76,3744.43,3745.35,3751.48,3743.37,3027.66,3009.93,3020.72,3030.84,3040.60,3101.43,3080.07,3089.72,3114.40,3123.66,3107.93,3081.52,3236.89,3292.47,3177.41,3271.39,3506.73,3552.27,3517.02,3512.39,2959.95,2986.29,2982.46,2988.92,2907.03,2962.45,2906.72,2940.01,2969.72,3034.59,2974.27,2963.99,3234.58,3293.77,3274.72,3224.31,3260.81,3225.93,3287.36,3261.97,2969.48,2969.40,2964.97,2993.92,2835.68,2884.16,2826.73,2880.71,2872.50,2905.92,2877.27,2886.22,3216.34,3161.74,3251.56,3261.04,3032.93,3086.34,3106.50,3040.96,2948.89,2979.73,2915.66,2988.83,2846.69,2849.50,2854.25,2822.91,2785.20,2835.31,2829.60,2820.53,3249.92,3323.05,3268.21,3281.33,3073.47,3021.62,3049.03,3055.21,3008.52,2988.99,2965.54,2947.62,2829.17,2857.79,2836.74,2806.40,3090.96,3072.75,3063.17,3077.75,3037.96,3082.21,3109.11,3064.33,2999.46,2912.19,2983.74,2937.75
,18,3040.00,3117.21,3059.18,3102.99,3213.69,3267.02,3305.25,3356.94,3356.33,3298.62,3292.22,3302.99,3252.65,3254.16,3272.33,3183.47,3815.76,3820.35,3826.80,3818.55,3045.03,3022.21,3031.37,3048.25,3082.55,3148.31,3116.71,3138.96,3149.32,3155.10,3141.52,3109.42,3284.06,3338.41,3220.14,3320.68,3582.02,3639.78,3591.01,3593.90,2974.18,2997.75,2990.30,3005.52,2937.25,2998.01,2935.65,2973.56,2987.99,3061.39,2998.55,2982.00,3283.57,3350.10,3332.56,3276.73,3335.06,3290.82,3358.03,3331.12,2968.55,2973.63,2966.79,2994.89,2844.63,2892.88,2836.63,2891.99,2885.88,2920.50,2887.34,2894.01,3266.25,3214.46,3305.66,3318.58,3054.37,3106.68,3126.11,3065.71,2947.57,2978.90,2913.11,2990.38,2848.47,2850.38,2852.08,2825.27,2785.88,2833.88,2828.53,2825.13,3301.63,3387.38,3326.02,3337.48,3076.82,3024.00,3049.16,3058.62,3016.58,2990.46,2962.56,2948.85,2831.29,2857.80,2833.90,2808.62,3094.75,3075.97,3066.15,3076.74,3041.17,3079.51,3106.84,3067.58,3000.93,2911.62,2982.72,2939.40
,19,3051.45,3133.96,3075.75,3110.91,3248.06,3305.52,3346.03,3396.78,3394.89,3338.27,3329.11,3345.27,3292.31,3291.40,3306.11,3218.05,3883.99,3893.52,3898.61,3891.89,3054.54,3030.97,3042.33,3060.21,3118.38,3192.99,3165.39,3180.10,3176.07,3186.94,3168.53,3142.74,3330.70,3389.37,3267.97,3374.65,3660.70,3720.76,3674.45,3668.24,2981.40,3008.25,3001.24,3012.27,2969.26,3033.41,2969.10,3006.10,3014.33,3077.84,3013.03,3002.30,3337.93,3406.22,3387.73,3329.01,3409.05,3365.24,3433.56,3400.95,2975.15,2983.47,2972.68,3001.16,2861.30,2915.21,2852.66,2914.13,2898.35,2931.58,2897.63,2901.14,3320.02,3261.91,3363.85,3376.81,3090.00,3142.15,3166.20,3099.47,2949.00,2982.90,2916.87,2989.01,2849.67,2849.28,2854.44,2829.98,2784.76,2842.53,2835.92,2829.12,3364.19,3445.80,3383.02,3396.30,3084.56,3026.05,3057.17,3067.55,3007.85,2996.89,2962.79,2948.17,2830.81,2859.83,2835.94,2809.91,3096.50,3074.16,3066.08,3076.77,3039.72,3075.11,3110.22,3066.02,2995.14,2907.15,2983.48,2937.41
,20,3061.08,3147.36,3080.52,3129.20,3291.51,3345.89,3392.73,3435.95,3440.40,3376.90,3371.30,3382.59,3332.56,3333.64,3353.32,3254.23,3955.63,3965.29,3967.53,3962.54,3067.24,3040.80,3053.76,3070.09,3159.49,3237.17,3207.84,3229.77,3206.09,3223.81,3200.78,3174.30,3376.81,3447.81,3312.32,3427.64,3738.21,3807.72,3754.34,3754.82,2991.15,3020.43,3014.66,3022.37,3010.14,3080.78,3005.90,3046.75,3035.06,3108.55,3035.70,3017.96,3388.19,3462.77,3444.72,3380.82,3493.28,3442.69,3511.23,3472.89,2978.28,2986.36,2980.95,3006.74,2885.46,2943.86,2881.05,2945.20,2910.21,2945.84,2911.32,2912.00,3369.29,3309.22,3412.74,3429.00,3132.89,3200.56,3231.07,3153.08,2946.31,2983.33,2915.67,2990.97,2853.74,2852.81,2858.95,2833.32,2791.52,2846.81,2844.09,2835.68,3417.18,3505.31,3436.55,3459.40,3089.96,3037.34,3067.38,3073.01,3015.58,2996.49,2964.04,2949.86,2827.81,2860.29,2834.33,2812.61,3097.57,3075.64,3062.68,3075.69,3038.54,3081.38,3110.60,3067.56,2996.26,2909.41,2986.36,2942.55
,21,3072.58,3157.23,3090.01,3136.02,3325.51,3386.39,3432.79,3474.90,3484.91,3422.87,3409.48,3425.48,3367.30,3371.82,3395.56,3287.87,4024.57,4038.80,4035.81,4034.13,3079.66,3060.53,3068.51,3087.48,3203.15,3286.01,3256.74,3280.22,3239.70,3256.50,3236.42,3205.04,3425.84,3500.06,3360.85,3478.45,3820.82,3895.05,3840.00,3832.10,3002.13,3033.50,3028.60,3037.16,3053.72,3125.12,3046.62,3092.46,3057.31,3133.88,3059.39,3036.95,3437.84,3517.42,3500.77,3436.44,3577.71,3521.39,3593.35,3552.22,2989.94,2996.22,2989.50,3015.47,2918.32,2980.83,2918.78,2976.62,2924.38,2961.45,2921.04,2928.72,3418.65,3356.78,3463.22,3486.25,3195.97,3268.00,3303.44,3214.51,2952.84,2985.05,2918.42,2993.93,2860.86,2863.45,2867.59,2839.04,2790.04,2849.33,2842.55,2834.28,3468.72,3568.56,3496.87,3518.27,3107.09,3055.29,3084.70,3091.11,3015.04,2993.42,2963.04,2951.72,2830.98,2862.27,2835.55,2812.04,3101.74,3076.68,3065.83,3077.74,3038.13,3082.11,3110.81,3062.54,2997.72,2909.75,2982.85,2938.28
,22,3081.82,3175.09,3099.70,3148.99,3363.28,3428.83,3472.12,3518.98,3527.50,3461.81,3457.52,3471.18,3412.25,3415.42,3434.34,3330.91,4091.44,4107.78,4108.12,4105.57,3097.88,3067.29,3080.39,3097.13,3248.68,3334.50,3303.31,3328.66,3277.45,3290.03,3269.31,3240.18,3474.72,3554.50,3406.61,3532.85,3896.43,3980.46,3920.40,3914.48,3012.78,3041.87,3038.34,3049.19,3094.61,3170.57,3089.57,3134.75,3082.04,3162.84,3082.58,3058.98,3490.61,3572.90,3553.80,3490.23,3667.45,3601.11,3678.60,3640.09,2996.10,3006.88,2999.24,3028.56,2953.82,3019.63,2952.96,3022.16,2939.44,2979.51,2938.98,2941.61,3469.17,3403.87,3520.74,3539.09,3256.38,3340.30,3373.85,3286.89,2954.26,2986.88,2923.03,2998.89,2877.70,2885.35,2885.29,2858.32,2795.23,2858.02,2846.32,2843.67,3528.42,3631.91,3550.55,3579.85,3138.64,3086.16,3114.16,3124.78,3018.05,2994.21,2964.83,2952.05,2832.78,2862.07,2840.25,2814.72,3103.54,3079.68,3073.86,3085.11,3042.71,3078.04,3111.18,3065.92,2994.91,2908.71,2990.49,2939.25
,23,3094.72,3182.97,3110.92,3157.78,3403.04,3474.85,3514.86,3564.56,3572.54,3503.05,3495.96,3518.47,3451.97,3455.07,3473.45,3366.47,4160.72,4173.48,4175.89,4174.12,3104.57,3083.91,3096.78,3110.62,3293.34,3381.26,3351.10,3378.51,3308.97,3326.48,3304.26,3275.15,3523.07,3602.27,3451.85,3584.33,3977.25,4067.89,3997.31,3993.35,3025.70,3063.13,3054.88,3067.82,3142.37,3222.44,3133.75,3183.94,3109.05,3192.26,3106.36,3081.08,3543.01,3628.73,3610.35,3538.19,3755.87,3681.73,3766.27,3720.27,3014.93,3018.76,3011.94,3042.91,2991.41,3069.19,2992.48,3066.22,2958.85,2992.46,2950.28,2954.34,3523.73,3455.41,3570.81,3597.26,3321.40,3414.11,3451.84,3360.91,2956.86,2995.81,2927.60,3005.83,2899.71,2904.60,2906.40,2875.53,2797.32,2865.30,2855.94,2847.34,3583.72,3686.57,3605.62,3635.05,3189.75,3127.24,3160.86,3170.44,3015.15,2993.09,2966.70,2952.78,2837.39,2867.33,2844.24,2817.00,3117.37,3090.51,3075.90,3088.96,3038.33,3081.60,3111.70,3063.19,2996.81,2909.93,2985.28,2941.66
,24,3107.83,3197.52,3125.98,3172.95,3440.99,3512.88,3552.47,3611.49,3619.01,3545.66,3537.03,3556.27,3493.40,3494.84,3516.22,3404.15,4224.87,4241.12,4237.68,4248.14,3118.23,3096.06,3106.68,3121.97,3331.89,3429.64,3398.66,3424.58,3341.14,3359.45,3340.00,3305.57,3566.27,3649.65,3497.06,3635.14,4050.80,4149.38,4076.74,4071.77,3041.00,3073.03,3068.84,3082.30,3187.75,3269.92,3176.26,3232.74,3132.61,3215.45,3130.81,3105.20,3587.55,3677.21,3664.35,3590.17,3845.94,3764.99,3852.93,3808.53,3023.83,3031.74,3020.24,3053.33,3034.30,3113.62,3031.81,3112.72,2975.21,3010.53,2968.97,2971.29,3572.08,3497.97,3621.28,3652.45,3387.91,3494.26,3539.36,3434.29,2967.72,3003.83,2937.01,3011.94,2931.36,2935.77,2939.87,2904.46,2803.86,2866.07,2861.90,2849.63,3633.03,3742.66,3662.15,3692.85,3255.76,3183.82,3223.87,3233.13,3015.13,2999.29,2967.07,2955.39,2841.52,2873.63,2851.86,2824.15,3126.91,3100.75,3092.51,3101.32,3038.76,3079.70,3110.29,3062.20,2994.89,2909.17,2984.97,2941.49
,25,3122.49,3212.93,3132.36,3182.53,3484.85,3552.66,3597.31,3651.86,3662.10,3579.42,3576.44,3596.46,3529.10,3535.61,3553.31,3436.70,4283.79,4304.26,4302.32,4305.56,3127.37,3106.64,3114.41,3135.02,3378.12,3477.59,3444.55,3474.19,3376.25,3391.46,3368.42,3340.43,3611.90,3702.79,3537.26,3681.18,4123.60,4226.27,4150.39,4146.46,3051.49,3084.50,3077.51,3091.88,3229.84,3316.28,3217.90,3273.18,3155.48,3242.55,3150.12,3122.39,3637.70,3730.97,3713.70,3631.50,3927.09,3845.59,3939.18,3888.59,3034.10,3044.31,3038.12,3066.14,3078.05,3159.51,3074.75,3159.58,2989.76,3019.52,2974.51,2981.10,3618.33,3540.38,3674.42,3698.09,3461.05,3572.86,3623.25,3514.60,2976.63,3011.62,2945.66,3024.72,2962.83,2970.60,2974.90,2939.30,2804.43,2873.91,2862.01,2856.89,3683.18,3799.72,3709.87,3748.25,3328.19,3246.79,3292.71,3303.15,3017.04,3001.21,2969.59,2960.56,2853.71,2881.82,2861.17,2832.23,3151.65,3121.73,3116.04,3125.60,3040.10,3084.45,3106.72,3067.36,2999.39,2914.74,2984.32,2939.69
,26,3133.68,3224.57,3146.39,3193.06,3511.27,3588.99,3629.46,3693.13,3702.10,3624.57,3615.77,3636.09,3566.87,3573.00,3591.59,3470.85,4344.70,4365.29,4363.45,4368.54,3145.36,3118.17,3128.62,3147.70,3420.44,3523.82,3491.82,3527.55,3406.18,3427.72,3403.59,3367.36,3657.75,3746.42,3583.61,3731.34,4196.99,4307.28,4225.00,4217.51,3064.48,3096.34,3089.75,3102.31,3278.13,3366.30,3261.99,3318.36,3182.58,3272.49,3173.33,3143.67,3680.97,3780.30,3764.41,3677.45,4011.45,3920.14,4019.26,3967.32,3047.00,3058.34,3046.41,3079.30,3116.70,3210.69,3117.08,3209.62,3007.65,3034.48,2990.63,2993.98,3659.26,3585.07,3717.35,3743.81,3530.13,3653.80,3710.02,3591.24,2988.58,3020.35,2954.17,3035.69,3006.59,3012.63,3015.82,2970.65,2814.28,2875.67,2868.01,2862.97,3732.29,3854.10,3763.22,3795.86,3416.35,3320.39,3370.52,3382.65,3021.57,3005.85,2977.97,2960.60,2866.26,2899.40,2879.53,2851.48,3183.76,3156.08,3155.84,3159.16,3042.05,3081.55,3110.52,3068.00,2999.94,2908.51,2990.78,2943.01
,27,3145.36,3237.32,3155.72,3203.18,3552.20,3624.98,3672.20,3721.08,3745.34,3656.27,3654.65,3682.81,3599.49,3614.15,3628.76,3505.47,4408.07,4428.59,4419.20,4433.16,3153.43,3126.81,3142.64,3163.89,3463.84,3569.33,3536.00,3572.86,3440.52,3463.59,3434.43,3405.06,3698.02,3797.54,3625.54,3776.99,4258.77,4387.89,4298.31,4286.92,3074.35,3109.34,3101.39,3117.19,3325.22,3420.44,3307.28,3369.15,3205.84,3301.14,3201.94,3166.49,3727.89,3827.26,3814.11,3726.44,4095.05,4003.30,4104.86,4051.37,3058.06,3072.39,3057.58,3090.56,3159.90,3256.13,3163.44,3260.48,3019.73,3053.95,3005.72,3009.43,3706.44,3629.90,3767.64,3795.63,3600.23,3735.10,3791.78,3669.64,2994.15,3038.37,2966.02,3045.78,3043.78,3056.78,3058.90,3012.17,2814.66,2878.84,2876.32,2867.60,3776.84,3904.98,3810.62,3845.03,3497.74,3398.25,3450.26,3462.96,3031.43,3014.96,2981.70,2969.52,2893.13,2928.82,2905.55,2878.93,3244.75,3214.99,3213.39,3217.72,3045.16,3082.24,3113.19,3067.48,3001.02,2910.58,2988.99,2939.39
,28,3155.75,3249.09,3166.11,3215.17,3587.73,3669.53,3714.51,3770.64,3786.77,3697.60,3692.81,3720.67,3635.52,3645.84,3666.49,3541.80,4464.91,4485.54,4482.78,4491.90,3164.92,3140.26,3153.87,3177.77,3500.87,3617.01,3585.91,3623.63,3478.02,3497.75,3467.31,3437.38,3738.20,3845.00,3668.05,3822.62,4324.78,4458.96,4363.83,4355.24,3086.85,3124.49,3117.43,3131.35,3365.22,3466.29,3347.62,3412.63,3231.56,3327.52,3221.56,3185.28,3767.41,3876.24,3860.88,3769.07,4175.05,4075.71,4182.94,4132.17,3070.72,3083.48,3069.81,3103.43,3203.06,3309.52,3211.18,3310.85,3037.16,3066.66,3021.02,3024.85,3745.70,3665.01,3813.99,3840.65,3670.84,3814.86,3875.53,3743.25,3007.85,3049.17,2979.46,3059.58,3087.11,3101.58,3100.07,3049.67,2823.67,2887.86,2876.58,2868.99,3821.28,3947.93,3852.67,3889.82,3581.14,3476.54,3524.62,3542.89,3036.41,3023.45,2992.40,2974.14,2926.09,2967.26,2943.04,2910.66,3319.72,3283.03,3289.35,3286.26,3043.00,3081.78,3112.51,3069.92,2999.81,2911.85,2992.61,2943.83
,29,3167.10,3258.41,3172.08,3225.36,3622.60,3707.27,3748.16,3801.46,3817.51,3735.58,3727.83,3758.38,3670.39,3686.87,3695.61,3574.31,4519.16,4536.74,4534.24,4544.84,3176.47,3153.59,3166.56,3190.80,3543.90,3662.69,3621.63,3666.68,3506.81,3530.38,3498.00,3467.19,3777.29,3891.37,3702.78,3865.32,4391.69,4523.02,4433.45,4424.09,3098.58,3134.32,3126.42,3145.97,3412.96,3513.59,3389.62,3456.66,3255.17,3352.74,3245.04,3206.39,3808.19,3917.70,3904.05,3813.58,4247.32,4145.56,4260.23,4205.39,3079.96,3094.34,3082.38,3111.34,3245.45,3352.24,3255.41,3354.64,3056.66,3084.11,3033.82,3041.99,3784.47,3702.17,3848.13,3881.27,3733.54,3892.69,3957.27,3819.91,3023.55,3058.36,2986.52,3073.33,3129.42,3143.31,3147.09,3091.26,2828.37,2894.54,2885.03,2877.13,3864.85,3996.50,3897.01,3940.88,3665.08,3549.39,3611.62,3630.03,3046.02,3037.69,3001.16,2987.13,2956.72,3011.40,2985.61,2949.83,3399.48,3363.79,3373.74,3365.76,3043.33,3080.74,3113.86,3067.53,2999.61,2910.33,2989.46,2940.56
,30,3175.28,3272.70,3187.64,3239.17,3658.54,3741.82,3786.49,3847.29,3864.01,3769.34,3769.27,3800.94,3710.14,3719.26,3736.14,3605.52,4568.58,4585.28,4580.49,4597.81,3194.96,3169.02,3183.06,3204.13,3583.79,3706.76,3672.78,3713.09,3537.31,3566.31,3535.31,3498.79,3821.63,3936.78,3742.15,3909.27,4450.80,4602.19,4496.60,4493.23,3107.11,3153.10,3140.43,3163.33,3453.74,3559.78,3431.16,3500.00,3280.68,3380.11,3272.53,3231.17,3847.04,3964.26,3948.65,3855.71,4327.70,4220.26,4339.83,4280.32,3093.02,3105.43,3091.05,3127.80,3287.44,3406.25,3298.49,3404.15,3072.44,3100.67,3048.72,3055.69,3827.51,3740.37,3890.14,3924.29,3804.63,3967.58,4039.35,3896.01,3033.90,3076.90,3001.55,3088.20,3174.38,3194.96,3197.52,3130.61,2833.99,2903.20,2891.02,2885.52,3908.67,4044.52,3942.87,3982.69,3753.73,3627.92,3693.99,3710.69,3063.44,3049.81,3014.35,2998.36,2993.59,3055.22,3032.74,2993.39,3484.58,3450.60,3457.82,3445.65,3048.43,3087.53,3113.16,3068.44,3000.75,2914.70,2988.73,2943.29
,31,3190.18,3287.25,3196.83,3250.08,3690.63,3775.85,3822.92,3877.97,3898.40,3805.71,3804.02,3831.96,3745.37,3755.78,3771.71,3633.24,4620.92,4643.18,4636.30,4655.22,3205.06,3172.95,3195.40,3214.54,3623.05,3746.82,3717.91,3753.76,3572.69,3595.26,3562.44,3531.27,3855.68,3973.62,3783.74,3951.74,4510.63,4661.09,4564.43,4549.27,3125.10,3165.43,3156.80,3179.33,3496.38,3606.76,3477.28,3549.65,3306.35,3413.51,3293.76,3256.76,3888.01,4002.75,3990.23,3894.70,4398.16,4283.42,4407.41,4353.29,3104.73,3121.76,3105.51,3139.29,3330.20,3459.18,3345.46,3456.97,3091.07,3117.33,3066.52,3073.16,3866.60,3774.59,3933.12,3965.64,3867.97,4045.92,4118.13,3969.62,3045.42,3087.51,3011.37,3097.29,3219.52,3238.34,3244.17,3177.32,2839.24,2907.29,2898.61,2893.93,3943.95,4089.32,3985.84,4031.30,3836.33,3706.57,3771.78,3795.51,3071.51,3061.93,3025.56,3010.89,3033.71,3099.85,3080.08,3037.39,3576.52,3538.81,3540.63,3522.60,3040.71,3084.73,3114.79,3072.18,3001.84,2913.53,2987.32,2943.33
,32,3202.58,3298.29,3206.19,3259.37,3719.36,3810.97,3858.78,3921.85,3941.66,3839.53,3840.46,3867.33,3777.64,3792.47,3809.27,3672.22,4677.82,4693.38,4688.35,4703.47,3213.27,3187.44,3205.31,3225.90,3659.64,3792.41,3763.74,3806.33,3606.28,3627.38,3593.69,3560.14,3897.09,4014.30,3821.14,3995.14,4569.85,4730.10,4622.87,4616.22,3134.92,3177.44,3168.39,3188.80,3538.97,3652.36,3515.98,3593.03,3332.49,3440.78,3323.15,3278.64,3925.66,4045.55,4033.50,3927.97,4468.34,4350.51,4479.61,4420.00,3117.84,3135.63,3118.58,3156.77,3376.02,3500.59,3387.67,3501.68,3112.06,3135.06,3082.96,3087.69,3902.28,3808.88,3972.21,4000.00,3930.19,4114.24,4194.18,4040.24,3058.26,3100.67,3022.20,3113.27,3260.16,3290.08,3291.38,3220.07,2847.34,2914.74,2908.92,2896.68,3985.60,4130.13,4023.29,4063.83,3919.58,3781.04,3847.20,3870.92,3084.94,3081.60,3042.46,3023.52,3073.91,3149.63,3128.64,3077.45,3660.89,3624.59,3627.33,3608.42,3042.41,3084.13,3116.44,3066.91,3000.64,2910.24,2992.13,2942.75
,33,3206.84,3312.54,3219.71,3272.97,3755.36,3847.95,3890.51,3946.79,3974.10,3874.32,3867.69,3904.88,3811.55,3828.75,3839.48,3700.84,4717.56,4744.77,4739.07,4754.86,3230.16,3196.98,3216.27,3235.90,3702.38,3835.06,3798.56,3847.02,3634.31,3662.12,3623.92,3587.77,3934.26,4050.77,3851.45,4036.45,4625.88,4789.91,4680.60,4665.99,3144.67,3186.49,3181.21,3203.48,3582.84,3701.93,3556.94,3635.52,3353.48,3470.08,3345.78,3297.21,3960.90,4086.54,4074.61,3970.53,4534.29,4412.24,4544.16,4484.97,3129.42,3145.87,3131.26,3168.00,3415.38,3554.01,3435.27,3554.85,3131.42,3152.07,3098.35,3103.19,3932.79,3837.43,4002.79,4040.42,3990.70,4184.89,4263.67,4105.60,3066.08,3113.02,3033.88,3124.83,3307.70,3336.09,3334.04,3259.87,2851.80,2923.89,2916.24,2905.97,4021.29,4171.47,4058.73,4103.60,3995.06,3850.95,3924.67,3949.89,3098.80,3093.48,3054.87,3036.72,3115.35,3204.96,3174.99,3121.02,3744.11,3703.66,3709.46,3686.28,3044.29,3083.31,3116.48,3067.14,3001.12,2907.94,2988.66,2943.13
,34,3223.25,3323.36,3227.19,3283.75,3789.42,3878.60,3926.26,3987.37,4008.45,3909.62,3904.59,3940.64,3847.21,3861.96,3869.80,3735.08,4761.23,4796.72,4783.88,4796.92,3240.83,3210.26,3230.65,3254.04,3732.32,3874.65,3841.82,3886.72,3663.89,3689.13,3658.25,3617.62,3970.24,4093.37,3886.83,4074.89,4682.63,4851.53,4733.54,4724.39,3157.25,3203.07,3192.14,3215.63,3625.44,3746.13,3598.93,3679.82,3382.75,3500.22,3366.98,3321.80,3993.77,4123.38,4111.89,4006.11,4611.78,4474.61,4614.03,4556.37,3141.26,3159.22,3138.92,3180.40,3462.08,3600.06,3478.23,3603.28,3147.11,3171.57,3113.57,3118.22,3969.25,3872.23,4049.01,4079.24,4051.26,4247.27,4340.46,4175.22,3082.99,3121.06,3046.42,3142.54,3353.90,3383.25,3386.85,3307.66,2858.35,2932.93,2920.81,2909.73,4056.06,4214.58,4095.46,4147.49,4078.12,3926.62,4002.68,4027.85,3115.19,3108.10,3064.41,3051.44,3156.41,3254.96,3224.04,3168.44,3831.93,3789.76,3796.99,3772.45,3047.00,3086.65,3117.85,3069.15,2995.83,2912.82,2991.34,2939.60
,35,3235.21,3336.61,3241.07,3292.68,3819.42,3918.62,3962.11,4027.86,4051.43,3945.49,3943.91,3981.66,3884.16,3893.78,3909.25,3766.00,4806.73,4837.40,4828.45,4850.80,3252.32,3225.00,3243.45,3269.76,3777.19,3918.89,3886.23,3933.70,3697.95,3727.70,3693.18,3648.36,4005.08,4134.12,3924.85,4114.75,4736.63,4910.20,4789.50,4781.67,3171.83,3217.33,3203.94,3228.63,3668.05,3795.30,3638.01,3723.77,3410.22,3530.77,3401.01,3342.57,4034.96,4166.48,4153.15,4044.92,4678.37,4534.09,4679.30,4622.49,3154.41,3172.72,3151.06,3196.89,3510.71,3651.30,3522.47,3656.47,3167.05,3190.67,3131.18,3135.87,4005.97,3903.21,4084.61,4118.24,4101.13,4313.68,4412.57,4242.22,3094.30,3137.91,3059.43,3154.14,3397.28,3427.98,3431.15,3346.34,2868.97,2941.24,2928.61,2921.73,4095.92,4247.13,4134.80,4186.36,4152.39,3986.73,4077.52,4102.63,3131.80,3122.96,3081.34,3064.61,3194.95,3308.28,3276.51,3213.66,3915.43,3881.11,3883.76,3854.26,3042.20,3085.12,3116.56,3068.88,3005.94,2913.10,2990.47,2942.20
,36,3249.59,3351.27,3251.66,3308.03,3857.67,3948.93,3996.19,4062.42,4084.77,3978.94,3979.56,4014.52,3905.74,3928.13,3935.63,3797.09,4850.76,4885.44,4871.30,4888.21,3269.08,3238.04,3254.70,3282.85,3812.14,3963.84,3927.01,3972.79,3728.24,3757.45,3719.15,3680.11,4040.14,4170.87,3955.77,4157.45,4783.54,4966.39,4841.92,4831.27,3181.31,3228.83,3220.11,3245.33,3710.07,3832.18,3675.40,3764.33,3436.35,3562.55,3422.51,3361.02,4070.08,4201.17,4186.94,4069.72,4735.94,4594.93,4740.31,4680.81,3170.75,3184.93,3170.00,3209.73,3550.08,3698.44,3559.79,3698.56,3190.96,3208.24,3145.92,3154.71,4037.26,3929.84,4113.14,4151.45,4154.49,4376.02,4481.11,4301.22,3107.04,3151.37,3071.37,3172.51,3440.95,3473.94,3476.32,3388.50,2874.34,2948.82,2933.66,2924.29,4127.59,4289.85,4164.55,4218.06,4227.29,4058.54,4148.73,4178.26,3143.67,3133.35,3089.41,3073.24,3238.18,3361.33,3327.10,3259.76,3998.36,3961.91,3964.09,3928.92,3044.99,3084.03,3116.73,3074.66,3004.33,2913.13,2991.14,2948.39
,37,3258.67,3366.64,3261.74,3322.04,3880.78,3979.99,4028.90,4088.53,4118.25,4010.18,4009.88,4045.12,3939.20,3962.67,3969.04,3823.00,4883.77,4921.46,4906.25,4926.03,3286.53,3249.42,3268.10,3293.14,3846.96,3997.32,3962.05,4010.93,3761.78,3789.19,3749.97,3712.02,4070.10,4207.41,3984.00,4189.13,4828.60,5019.14,4885.81,4879.04,3199.63,3240.29,3233.69,3257.80,3742.94,3872.49,3711.93,3804.41,3465.10,3590.54,3447.27,3388.31,4097.52,4236.01,4225.80,4105.44,4789.98,4641.54,4797.38,4736.67,3182.15,3198.56,3179.52,3221.37,3584.83,3740.29,3607.22,3740.31,3208.49,3228.20,3164.02,3168.91,4065.72,3958.63,4143.59,4185.74,4211.18,4434.13,4546.69,4360.66,3119.03,3159.92,3082.94,3183.81,3483.86,3516.08,3519.26,3425.03,2880.90,2957.39,2944.85,2934.66,4157.45,4320.91,4200.69,4253.43,4296.85,4122.51,4210.45,4246.46,3153.84,3148.29,3102.26,3086.65,3277.57,3407.28,3367.68,3299.85,4077.76,4044.82,4042.37,3998.43,3047.13,3088.26,3116.45,3075.53,3002.03,2914.22,2994.04,2945.74
,38,3269.75,3378.52,3269.08,3324.26,3905.73,4008.54,4051.51,4121.35,4150.65,4037.81,4038.52,4073.69,3971.95,3986.29,3997.91,3847.92,4917.83,4961.12,4944.81,4965.24,3294.25,3260.73,3277.16,3312.05,3881.90,4031.23,3995.62,4045.65,3788.71,3819.22,3779.33,3736.78,4100.54,4238.41,4016.52,4224.29,4870.36,5062.82,4930.32,4920.30,3210.54,3254.76,3242.37,3270.46,3783.97,3919.50,3749.66,3842.82,3490.02,3620.59,3474.16,3409.50,4128.09,4263.21,4256.59,4135.01,4843.51,4691.97,4851.73,4786.22,3193.20,3212.73,3189.56,3232.36,3624.73,3784.01,3639.56,3789.05,3227.23,3241.59,3176.49,3186.46,4090.06,3980.32,4173.85,4208.43,4249.32,4487.73,4605.76,4415.67,3130.25,3176.82,3092.40,3196.98,3525.89,3558.11,3560.64,3462.41,2888.87,2965.55,2954.29,2942.15,4184.90,4346.68,4225.80,4286.45,4359.27,4175.30,4275.01,4313.80,3165.07,3157.21,3114.05,3094.13,3310.53,3453.10,3417.84,3333.56,4144.54,4112.46,4107.52,4065.82,3043.30,3085.62,3118.00,3073.86,3003.17,2913.44,2993.28,2944.37
,39,3276.17,3388.56,3277.65,3338.27,3934.17,4034.51,4083.60,4150.91,4182.56,4065.49,4069.66,4104.45,4003.96,4017.97,4028.50,3878.18,4960.24,5000.71,4985.94,5001.24,3307.22,3270.27,3289.90,3318.79,3912.26,4065.84,4031.23,4083.13,3817.26,3848.05,3807.37,3768.14,4131.66,4272.97,4048.71,4259.99,4915.28,5110.63,4975.39,4961.96,3221.04,3267.67,3253.94,3283.89,3822.57,3951.03,3786.69,3880.42,3514.99,3646.39,3500.14,3437.66,4161.21,4294.50,4287.32,4163.44,4898.16,4742.12,4905.88,4843.68,3203.29,3220.54,3203.20,3243.37,3665.30,3825.36,3677.63,3826.61,3247.44,3264.71,3194.64,3217.57,4119.23,4008.30,4206.78,4240.16,4300.95,4542.22,4662.04,4470.37,3138.26,3188.17,3104.12,3207.89,3562.59,3598.78,3599.25,3491.26,2896.81,2973.49,2961.07,2953.81,4211.98,4380.19,4261.69,4310.04,4423.53,4225.60,4335.22,4374.02,3184.87,3173.98,3128.19,3112.03,3348.30,3501.10,3462.24,3375.32,4214.91,4180.14,4175.48,4127.73,3047.40,3087.31,3120.73,3073.60,3003.46,2913.68,2991.68,2944.92
,40,3292.69,3400.10,3290.82,3354.62,3958.63,4064.01,4115.00,4175.74,4210.35,4091.58,4093.76,4135.29,4023.02,4045.96,4057.38,3902.11,4990.92,5034.46,5010.42,5029.68,3322.20,3282.29,3304.23,3332.90,3943.07,4096.35,4063.87,4118.08,3837.02,3880.75,3834.97,3790.53,4160.74,4308.26,4076.89,4292.25,4951.41,5143.65,5018.72,5005.74,3227.91,3277.56,3269.94,3299.21,3849.32,3988.30,3816.18,3915.75,3542.73,3677.83,3518.53,3451.47,4183.96,4326.40,4316.91,4191.57,4945.49,4785.34,4949.28,4893.75,3216.71,3235.70,3211.26,3258.50,3695.65,3865.53,3705.39,3864.68,3268.68,3283.81,3214.89,3219.40,4142.18,4031.17,4234.13,4263.86,4344.72,4595.42,4720.12,4520.52,3147.24,3197.76,3111.42,3221.23,3593.18,3632.94,3640.88,3526.64,2905.47,2984.61,2968.87,2961.00,4238.71,4407.41,4283.50,4340.72,4480.70,4272.77,4387.06,4431.67,3189.31,3186.19,3138.98,3118.62,3377.88,3540.50,3499.56,3402.31,4272.30,4242.23,4235.19,4190.76,3050.84,3087.13,3119.66,3071.66,3002.43,2913.40,2990.29,2947.69
